date;name;local_price;dollar_ex
01/04/2000;Argentina;2.5;1
01/04/2001;Argentina;2.5;1
01/04/2002;Argentina;2.5;3.13
01/04/2003;Argentina;4.1;2.88
01/05/2004;Argentina;4.36;2.95
01/06/2005;Argentina;4.75;2.897
01/01/2006;Argentina;4.75;3.0638
01/05/2006;Argentina;7;3.0565
01/01/2007;Argentina;8.25;3.08875
01/06/2007;Argentina;8.25;3.0915
01/06/2008;Argentina;11;3.0195
01/07/2009;Argentina;11.5;3.81125
01/01/2010;Argentina;7;3.7985
01/07/2010;Argentina;14;3.93375
01/07/2011;Argentina;20;4.1325
01/01/2012;Argentina;20;4.3135
01/07/2012;Argentina;19;4.56625
01/01/2013;Argentina;19;4.9765
01/07/2013;Argentina;21;5.4125
01/01/2014;Argentina;21;6.92125
01/07/2014;Argentina;21;8.16875
01/01/2015;Argentina;28;8.61
01/07/2015;Argentina;28;9.135
01/01/2016;Argentina;33;13.80925
01/07/2016;Argentina;50;14.935
01/01/2017;Argentina;55;15.8575
01/07/2017;Argentina;70;16.9675
01/01/2018;Argentina;75;18.9375
01/07/2018;Argentina;75;27.725
01/01/2019;Argentina;75;37.455
09/07/2019;Argentina;120;41.8045
01/04/2000;Australia;2.59;1.68
01/04/2001;Australia;3;1.98
01/04/2002;Australia;3;1.86
01/04/2003;Australia;3;1.61
01/05/2004;Australia;3.25;1.43
01/06/2005;Australia;3.25;1.3015
01/01/2006;Australia;3.25;1.3308
01/05/2006;Australia;3.25;1.33253
01/01/2007;Australia;3.45;1.266865
01/06/2007;Australia;3.45;1.17
01/06/2008;Australia;3.45;1.026
01/07/2009;Australia;4.34;1.2869
01/01/2010;Australia;4.35;1.09355
01/07/2010;Australia;4.35;1.133722578
01/07/2011;Australia;4.56;0.922381589
01/01/2012;Australia;4.8;0.972337012
01/07/2012;Australia;4.56;0.974326497
01/01/2013;Australia;4.7;0.959094615
01/07/2013;Australia;5.035;1.089858863
01/01/2014;Australia;5.05;1.128859288
01/07/2014;Australia;5.1;1.059378145
01/01/2015;Australia;5.3;1.227219734
01/07/2015;Australia;5.3;1.35126005
01/01/2016;Australia;5.3;1.415728746
01/07/2016;Australia;5.75;1.335737661
01/01/2017;Australia;5.8;1.356668023
01/07/2017;Australia;5.9;1.303016483
01/01/2018;Australia;5.9;1.253682693
01/07/2018;Australia;6.05;1.339853956
01/01/2019;Australia;6.1;1.401639919
09/07/2019;Australia;6.15;1.443626389
01/07/2011;Austria;3.09;0.697520315
01/01/2012;Austria;3.09;0.788239467
01/07/2012;Austria;3.19;0.824844311
01/01/2013;Austria;3.39;0.736946829
01/07/2013;Austria;3.39;0.777756173
01/01/2014;Austria;3.39;0.737218475
01/07/2014;Austria;3.39;0.742748914
01/01/2015;Austria;3.39;0.863073404
01/07/2015;Austria;3.39;0.912700224
01/01/2016;Austria;3.5;0.930232558
01/07/2016;Austria;3.6;0.908306463
01/01/2017;Austria;3.4;0.955246692
01/07/2017;Austria;3.4;0.875695083
01/01/2018;Austria;3.4;0.816826629
01/07/2018;Austria;3.4;0.853205921
01/01/2019;Austria;3.76;0.872486149
09/07/2019;Austria;3.81;0.892339267
01/07/2018;Azerbaijan;3.95;1.70175
01/01/2019;Azerbaijan;3.95;1.6965
09/07/2019;Azerbaijan;3.95;1.6965
01/07/2018;Bahrain;1.2;0.37955
01/01/2019;Bahrain;1.2;0.377
09/07/2019;Bahrain;1.4;0.377
01/07/2011;Belgium;3.75;0.697520315
01/01/2012;Belgium;3.7;0.788239467
01/07/2012;Belgium;3.8;0.824844311
01/01/2013;Belgium;3.8;0.736946829
01/07/2013;Belgium;3.7;0.777756173
01/01/2014;Belgium;3.95;0.737218475
01/07/2014;Belgium;3.7;0.742748914
01/01/2015;Belgium;3.7;0.863073404
01/07/2015;Belgium;3.7;0.912700224
01/01/2016;Belgium;3.95;0.930232558
01/07/2016;Belgium;3.95;0.908306463
01/01/2017;Belgium;3.95;0.955246692
01/07/2017;Belgium;4.05;0.875695083
01/01/2018;Belgium;4.1;0.816826629
01/07/2018;Belgium;4.1;0.853205921
01/01/2019;Belgium;4.2;0.872486149
09/07/2019;Belgium;4.2;0.892339267
01/04/2000;Brazil;2.95;1.79
01/04/2001;Brazil;3.6;2.19
01/04/2002;Brazil;3.6;2.34
01/04/2003;Brazil;4.55;3.07
01/05/2004;Brazil;5.4;3.18
01/06/2005;Brazil;5.9;2.4648
01/01/2006;Brazil;6.2;2.2615
01/05/2006;Brazil;6.4;2.3045
01/01/2007;Brazil;6.4;2.1335
01/06/2007;Brazil;6.9;1.913
01/06/2008;Brazil;7.5;1.5846
01/07/2009;Brazil;8.03;1.9971
01/01/2010;Brazil;8.2;1.7233
01/07/2010;Brazil;8.71;1.77495
01/07/2011;Brazil;9.5;1.5416
01/01/2012;Brazil;10.25;1.805
01/07/2012;Brazil;10.08;2.04215
01/01/2013;Brazil;11.25;1.99335
01/07/2013;Brazil;12;2.27065
01/01/2014;Brazil;12.4;2.36305
01/07/2014;Brazil;13;2.22025
01/01/2015;Brazil;13.5;2.59275
01/07/2015;Brazil;13.5;3.15235
01/01/2016;Brazil;13.5;4.0248
01/07/2016;Brazil;15.5;3.24145
01/01/2017;Brazil;16.5;3.22395
01/07/2017;Brazil;16.5;3.2343
01/01/2018;Brazil;16.5;3.2279
01/07/2018;Brazil;16.9;3.83835
01/01/2019;Brazil;16.9;3.71795
09/07/2019;Brazil;17.5;3.8073
01/04/2000;Britain;1.9;0.632911392
01/04/2001;Britain;1.99;0.699300699
01/04/2002;Britain;1.99;0.689655172
01/04/2003;Britain;1.99;0.632911392
01/05/2004;Britain;1.88;0.558659218
01/06/2005;Britain;1.88;0.546448087
01/01/2006;Britain;1.88;0.566925563
01/05/2006;Britain;1.94;0.531801744
01/01/2007;Britain;1.94;0.506034461
01/06/2007;Britain;1.99;0.496610632
01/06/2008;Britain;2.29;0.501039657
01/07/2009;Britain;2.29;0.620886626
01/01/2010;Britain;2.29;0.623752495
01/07/2010;Britain;2.29;0.657375756
01/07/2011;Britain;2.39;0.614137444
01/01/2012;Britain;2.49;0.651253663
01/07/2012;Britain;2.69;0.646266197
01/01/2013;Britain;2.69;0.633211968
01/07/2013;Britain;2.69;0.669142494
01/01/2014;Britain;2.79;0.603009015
01/07/2014;Britain;2.89;0.586785589
01/01/2015;Britain;2.89;0.661594443
01/07/2015;Britain;2.89;0.640450877
01/01/2016;Britain;2.89;0.684532977
01/07/2016;Britain;2.99;0.758840492
01/01/2017;Britain;3.09;0.82877507
01/07/2017;Britain;3.19;0.775885479
01/01/2018;Britain;3.19;0.72285673
01/07/2018;Britain;3.19;0.753863551
01/01/2019;Britain;3.19;0.78320802
09/07/2019;Britain;3.29;0.802181935
01/04/2000;Canada;2.85;1.47
01/04/2001;Canada;3.33;1.56
01/04/2002;Canada;3.33;1.57
01/04/2003;Canada;3.2;1.45
01/05/2004;Canada;3.19;1.37
01/06/2005;Canada;3.28;1.2494
01/01/2006;Canada;3.52;1.1704
01/05/2006;Canada;3.52;1.12045
01/01/2007;Canada;3.63;1.17485
01/06/2007;Canada;3.88;1.05345
01/06/2008;Canada;4.09;1.00355
01/07/2009;Canada;3.89;1.16085
01/01/2010;Canada;4.12;1.0368
01/07/2010;Canada;4.17;1.04235
01/07/2011;Canada;4.73;0.94585
01/01/2012;Canada;4.73;1.02095
01/07/2012;Canada;5.12;1.01945
01/01/2013;Canada;5.41;1.0029
01/07/2013;Canada;5.53;1.05125
01/01/2014;Canada;5.54;1.1051
01/07/2014;Canada;5.64;1.07405
01/01/2015;Canada;5.7;1.22855
01/07/2015;Canada;5.85;1.2897
01/01/2016;Canada;5.84;1.4092
01/07/2016;Canada;6;1.303
01/01/2017;Canada;5.98;1.326
01/07/2017;Canada;5.97;1.2823
01/01/2018;Canada;6.55;1.2459
01/07/2018;Canada;6.65;1.31235
01/01/2019;Canada;6.77;1.3314
09/07/2019;Canada;6.77;1.31305
01/04/2000;Chile;1260;514
01/04/2001;Chile;1260;601
01/04/2002;Chile;1400;655
01/04/2003;Chile;1400;716
01/05/2004;Chile;1400;641
01/06/2005;Chile;1500;592.45
01/01/2006;Chile;1560;522.75
01/05/2006;Chile;1560;529.95
01/01/2007;Chile;1670;540.15
01/06/2007;Chile;1565;526.75
01/06/2008;Chile;1550;494.65
01/07/2009;Chile;1750;548.55
01/01/2010;Chile;1600;503.1
01/07/2010;Chile;1750;523.65
01/07/2011;Chile;1850;462.75
01/01/2012;Chile;2050;506.05
01/07/2012;Chile;2050;493.05
01/01/2013;Chile;2050;471.75
01/07/2013;Chile;2000;508.155
01/01/2014;Chile;2000;541.95
01/07/2014;Chile;2100;564.14
01/01/2015;Chile;2100;627.485
01/07/2015;Chile;2100;642.45
01/01/2016;Chile;2100;715.215
01/07/2016;Chile;2300;651.12
01/01/2017;Chile;2450;672.805
01/07/2017;Chile;2550;663.355
01/01/2018;Chile;2600;605.935
01/07/2018;Chile;2640;651.73
01/01/2019;Chile;2640;678.99
09/07/2019;Chile;2640;689.75
01/04/2000;China;9.9;8.28
01/04/2001;China;9.9;8.28
01/04/2002;China;10.5;8.28
01/04/2003;China;9.9;8.28
01/05/2004;China;10.4;8.28
01/06/2005;China;10.5;8.2764
01/01/2006;China;10.5;8.0641
01/05/2006;China;10.5;8.026
01/01/2007;China;11;7.7743
01/06/2007;China;11;7.6047
01/06/2008;China;12.5;6.834
01/07/2009;China;12.5;6.8327
01/01/2010;China;12.5;6.8272
01/07/2010;China;13.2;6.7769
01/07/2011;China;14.65;6.445
01/01/2012;China;15.4;6.3155
01/07/2012;China;15.65;6.3885
01/01/2013;China;16;6.2204
01/07/2013;China;16;6.1341
01/01/2014;China;16.6;6.0513
01/07/2014;China;16.9;6.1983
01/01/2015;China;17.2;6.2115
01/07/2015;China;17;6.2092
01/01/2016;China;17.6;6.5582
01/07/2016;China;18.6;6.678
01/01/2017;China;19.6;6.9266
01/07/2017;China;19.8;6.7875
01/01/2018;China;20.4;6.432
01/07/2018;China;20.5;6.622
01/01/2019;China;20.9;6.8497
09/07/2019;China;21;6.8846
01/05/2004;Colombia;6500;2769.83
01/06/2005;Colombia;6500;2327.7
01/05/2006;Colombia;6500;2503.6
01/01/2007;Colombia;6900;2239.325
01/06/2007;Colombia;6900;1956
01/06/2008;Colombia;7000;1798.65
01/07/2009;Colombia;7000;2095.6
01/01/2010;Colombia;8200;2095.6
01/07/2010;Colombia;8200;1868.45
01/07/2011;Colombia;8400;1770.5
01/01/2012;Colombia;8400;1852.15
01/07/2012;Colombia;8600;1804.475
01/01/2013;Colombia;8600;1773.175
01/07/2013;Colombia;8600;1921
01/01/2014;Colombia;8600;1982.795
01/07/2014;Colombia;8600;1847.65
01/01/2015;Colombia;7900;2364.98
01/07/2015;Colombia;7900;2708.9
01/01/2016;Colombia;7900;3253.9
01/07/2016;Colombia;8900;2929
01/01/2017;Colombia;9900;2994.625
01/07/2017;Colombia;9900;3052.16
01/01/2018;Colombia;10900;2844.12
01/07/2018;Colombia;11900;2874.07
01/01/2019;Colombia;11900;3191.5
09/07/2019;Colombia;11900;3227
01/05/2004;Costa Rica;1130;433.55
01/06/2005;Costa Rica;1130;475.3
01/05/2006;Costa Rica;1130;509.535
01/01/2007;Costa Rica;1130;509.535
01/06/2007;Costa Rica;1130;518.625
01/06/2008;Costa Rica;1800;551.02
01/07/2009;Costa Rica;2000;582.57
01/01/2010;Costa Rica;2050;582.57
01/07/2010;Costa Rica;2000;522.115
01/07/2011;Costa Rica;2050;504.305
01/01/2012;Costa Rica;2050;509.54
01/01/2013;Costa Rica;2200;500.83
01/07/2013;Costa Rica;2150;498.675
01/01/2014;Costa Rica;2150;501.92
01/07/2014;Costa Rica;2150;537.3
01/01/2015;Costa Rica;2150;536.09
01/07/2015;Costa Rica;2150;533.3
01/01/2016;Costa Rica;2150;535.25
01/07/2016;Costa Rica;2250;546.39
01/01/2017;Costa Rica;2250;554.33
01/07/2017;Costa Rica;2290;572.495
01/01/2018;Costa Rica;2290;568.53
01/07/2018;Costa Rica;2290;567.8
01/01/2019;Costa Rica;2290;606.975
09/07/2019;Costa Rica;2290;581.935
01/07/2018;Croatia;21;6.31275
01/01/2019;Croatia;21;6.47885
09/07/2019;Croatia;22;6.5981
01/04/2000;Czech Republic;54.37;39.1
01/04/2001;Czech Republic;56;39
01/04/2002;Czech Republic;56.28;34
01/04/2003;Czech Republic;56.57;28.9
01/05/2004;Czech Republic;56.42;26.5
01/06/2005;Czech Republic;56.42;24.5409
01/01/2006;Czech Republic;62;23.8375
01/05/2006;Czech Republic;59.05;22.1078
01/01/2007;Czech Republic;52.1;21.50115
01/06/2007;Czech Republic;52.9;21.11675
01/06/2008;Czech Republic;66.08;14.49795
01/07/2009;Czech Republic;67.92;18.66155
01/01/2010;Czech Republic;67.64;18.21005
01/07/2010;Czech Republic;67.64;19.7476
01/07/2011;Czech Republic;69.32;17.0219
01/01/2012;Czech Republic;70.22;20.36535
01/07/2012;Czech Republic;70.33;21.048
01/01/2013;Czech Republic;70.33;18.89495
01/07/2013;Czech Republic;70.45;20.1828
01/01/2014;Czech Republic;70.45;20.2838
01/07/2014;Czech Republic;70.45;20.3877
01/01/2015;Czech Republic;70.45;24.13325
01/07/2015;Czech Republic;70;24.70225
01/01/2016;Czech Republic;75;25.1442
01/07/2016;Czech Republic;75;24.54655
01/01/2017;Czech Republic;75;25.81175
01/07/2017;Czech Republic;75;22.8561
01/01/2018;Czech Republic;79;20.747
01/07/2018;Czech Republic;75;22.06475
01/01/2019;Czech Republic;85;22.31165
09/07/2019;Czech Republic;85;22.7993
01/04/2000;Denmark;24.75;8.04
01/04/2001;Denmark;24.75;8.46
01/04/2002;Denmark;24.75;8.38
01/04/2003;Denmark;27.75;6.78
01/05/2004;Denmark;27.75;6.22
01/06/2005;Denmark;27.75;6.0647
01/01/2006;Denmark;27.75;6.1769
01/05/2006;Denmark;27.75;5.81825
01/01/2007;Denmark;27.75;5.75305
01/06/2007;Denmark;27.75;5.4603
01/06/2008;Denmark;28;4.7044
01/07/2009;Denmark;29.5;5.3375
01/01/2010;Denmark;30.94;5.16195
01/07/2010;Denmark;28.5;5.81365
01/07/2011;Denmark;28.5;5.19845
01/01/2012;Denmark;31.5;5.86135
01/07/2012;Denmark;28.5;6.1356
01/01/2013;Denmark;28.5;5.49795
01/07/2013;Denmark;28.5;5.8006
01/01/2014;Denmark;28.5;5.5014
01/07/2014;Denmark;28.5;5.5388
01/01/2015;Denmark;34.5;6.4174
01/07/2015;Denmark;34.59;6.81105
01/01/2016;Denmark;30;6.9405
01/07/2016;Denmark;30;6.75715
01/01/2017;Denmark;30;7.10125
01/07/2017;Denmark;30;6.51255
01/01/2018;Denmark;30;6.0827
01/07/2018;Denmark;30;6.3591
01/01/2019;Denmark;30;6.51545
09/07/2019;Denmark;30;6.6593
01/04/2003;Egypt;8;5.92
01/05/2004;Egypt;10;6.19
01/06/2005;Egypt;9;5.8
01/01/2006;Egypt;9.25;5.74
01/05/2006;Egypt;9.5;5.77075
01/01/2007;Egypt;9.09;5.7
01/06/2007;Egypt;9.54;5.69025
01/06/2008;Egypt;13;5.3125
01/07/2009;Egypt;13;5.58475
01/01/2010;Egypt;13;5.465
01/07/2010;Egypt;13;5.699
01/07/2011;Egypt;14.09;5.962
01/01/2012;Egypt;15.5;6.037
01/07/2012;Egypt;16;6.0665
01/01/2013;Egypt;16;6.68575
01/07/2013;Egypt;16.75;7.00915
01/01/2014;Egypt;16.93;6.961
01/07/2014;Egypt;16.93;7.15005
01/01/2015;Egypt;16.93;7.35005
01/07/2015;Egypt;16.93;7.83005
01/01/2016;Egypt;16.93;7.83005
01/07/2016;Egypt;23;8.87995
01/01/2017;Egypt;27.49;18.77
01/07/2017;Egypt;31.37;17.885
01/01/2018;Egypt;34.21;17.7
01/07/2018;Egypt;31.37;17.905
01/01/2019;Egypt;40;17.91
09/07/2019;Egypt;42;16.615
01/07/2011;Estonia;2.2;0.697520315
01/01/2012;Estonia;2.04;0.788239467
01/07/2012;Estonia;2.04;0.824844311
01/01/2013;Estonia;2.7;0.736946829
01/07/2013;Estonia;2.75;0.777756173
01/01/2014;Estonia;2.8;0.737218475
01/07/2014;Estonia;2.9;0.742748914
01/01/2015;Estonia;2.9;0.863073404
01/07/2015;Estonia;2.95;0.912700224
01/01/2016;Estonia;3;0.930232558
01/07/2016;Estonia;3.1;0.908306463
01/01/2017;Estonia;3.1;0.955246692
01/07/2017;Estonia;3.15;0.875695083
01/01/2018;Estonia;3.15;0.816826629
01/07/2018;Estonia;3.15;0.853205921
01/01/2019;Estonia;3.2;0.872486149
09/07/2019;Estonia;3.2;0.892339267
01/04/2000;Euro area;2.56;1.075268817
01/04/2001;Euro area;2.57;1.136363636
01/04/2002;Euro area;2.67;1.123595506
01/04/2003;Euro area;2.71;0.909090909
01/05/2004;Euro area;2.74;0.833333333
01/06/2005;Euro area;2.92;0.814929509
01/01/2006;Euro area;2.91;0.82815735
01/05/2006;Euro area;2.939573529;0.780365992
01/01/2007;Euro area;2.94;0.771813376
01/06/2007;Euro area;3.057482443;0.733756466
01/06/2008;Euro area;3.36856;0.630497147
01/07/2009;Euro area;3.31;0.716897269
01/01/2010;Euro area;3.36;0.693649638
01/07/2010;Euro area;3.380031071;0.78015291
01/07/2011;Euro area;3.437660401;0.697520315
01/01/2012;Euro area;3.49245637;0.788239467
01/07/2012;Euro area;3.583482241;0.824844311
01/01/2013;Euro area;3.594849572;0.736946829
01/07/2013;Euro area;3.623870489;0.777756173
01/01/2014;Euro area;3.657962724;0.737218475
01/07/2014;Euro area;3.67923829;0.742748914
01/01/2015;Euro area;3.68;0.863073404
01/07/2015;Euro area;3.7;0.912700224
01/01/2016;Euro area;3.72;0.930232558
01/07/2016;Euro area;3.82;0.908306463
01/01/2017;Euro area;3.88;0.955246692
01/07/2017;Euro area;3.91;0.875695083
01/01/2018;Euro area;3.95;0.816826629
01/07/2018;Euro area;4.04;0.853205921
01/01/2019;Euro area;4.05;0.872486149
09/07/2019;Euro area;4.08;0.892339267
01/07/2011;Finland;3.75;0.697520315
01/01/2012;Finland;3.75;0.788239467
01/07/2012;Finland;3.75;0.824844311
01/01/2013;Finland;3.75;0.736946829
01/07/2013;Finland;4.1;0.777756173
01/01/2014;Finland;4.1;0.737218475
01/07/2014;Finland;4.1;0.742748914
01/01/2015;Finland;4.1;0.863073404
01/07/2015;Finland;4.1;0.912700224
01/01/2016;Finland;4.1;0.930232558
01/07/2016;Finland;4.6;0.908306463
01/01/2017;Finland;4.55;0.955246692
01/07/2017;Finland;4.56;0.875695083
01/01/2018;Finland;4.56;0.816826629
01/07/2018;Finland;4.62;0.853205921
01/01/2019;Finland;4.62;0.872486149
09/07/2019;Finland;4.75;0.892339267
01/07/2011;France;3.5;0.697520315
01/01/2012;France;3.6;0.788239467
01/07/2012;France;3.6;0.824844311
01/01/2013;France;3.6;0.736946829
01/07/2013;France;3.9;0.777756173
01/01/2014;France;3.8;0.737218475
01/07/2014;France;3.9;0.742748914
01/01/2015;France;3.9;0.863073404
01/07/2015;France;4.1;0.912700224
01/01/2016;France;4.1;0.930232558
01/07/2016;France;4.1;0.908306463
01/01/2017;France;4.1;0.955246692
01/07/2017;France;4.1;0.875695083
01/01/2018;France;4.2;0.816826629
01/07/2018;France;4.2;0.853205921
01/01/2019;France;4.2;0.872486149
09/07/2019;France;4.2;0.892339267
01/07/2011;Germany;3.4;0.697520315
01/01/2012;Germany;3.53;0.788239467
01/07/2012;Germany;3.64;0.824844311
01/01/2013;Germany;3.64;0.736946829
01/07/2013;Germany;3.64;0.777756173
01/01/2014;Germany;3.67;0.737218475
01/07/2014;Germany;3.67;0.742748914
01/01/2015;Germany;3.67;0.863073404
01/07/2015;Germany;3.59;0.912700224
01/01/2016;Germany;3.59;0.930232558
01/07/2016;Germany;3.79;0.908306463
01/01/2017;Germany;3.79;0.955246692
01/07/2017;Germany;3.9;0.875695083
01/01/2018;Germany;3.9;0.816826629
01/07/2018;Germany;4.12;0.853205921
01/01/2019;Germany;4.12;0.872486149
09/07/2019;Germany;4.14;0.892339267
01/07/2011;Greece;3.26;0.697520315
01/01/2012;Greece;3.3;0.788239467
01/07/2012;Greece;2.683;0.824844311
01/01/2013;Greece;3.3;0.736946829
01/07/2013;Greece;2.6;0.777756173
01/01/2014;Greece;3.05;0.737218475
01/07/2014;Greece;3.05;0.742748914
01/01/2015;Greece;3.05;0.863073404
01/07/2015;Greece;3.05;0.912700224
01/01/2016;Greece;3.35;0.930232558
01/07/2016;Greece;3.35;0.908306463
01/01/2017;Greece;3.35;0.955246692
01/07/2017;Greece;3.35;0.875695083
01/01/2018;Greece;3.35;0.816826629
01/07/2018;Greece;3.35;0.853205921
01/01/2019;Greece;3.35;0.872486149
09/07/2019;Greece;3.3;0.892339267
01/07/2018;Guatemala;25;7.4871
01/01/2019;Guatemala;25;7.7283
09/07/2019;Guatemala;25;7.6802
01/07/2018;Honduras;85;23.9926
01/01/2019;Honduras;85;24.3391
09/07/2019;Honduras;86;24.4834
01/04/2000;Hong Kong;10.2;7.79
01/04/2001;Hong Kong;10.7;7.8
01/04/2002;Hong Kong;11.2;8
01/04/2003;Hong Kong;11.5;7.8
01/05/2004;Hong Kong;12;7.79
01/06/2005;Hong Kong;12;7.7807
01/01/2006;Hong Kong;12;7.7512
01/05/2006;Hong Kong;12;7.7533
01/01/2007;Hong Kong;12;7.79845
01/06/2007;Hong Kong;12;7.81555
01/06/2008;Hong Kong;13.3;7.7974
01/07/2009;Hong Kong;13.3;7.7505
01/01/2010;Hong Kong;14.8;7.75655
01/07/2010;Hong Kong;14.8;7.7742
01/07/2011;Hong Kong;15.1;7.7918
01/01/2012;Hong Kong;16.5;7.76735
01/07/2012;Hong Kong;16.5;7.75815
01/01/2013;Hong Kong;17;7.7591
01/07/2013;Hong Kong;17;7.75665
01/01/2014;Hong Kong;18;7.75785
01/07/2014;Hong Kong;18.8;7.75045
01/01/2015;Hong Kong;18.8;7.75135
01/07/2015;Hong Kong;19.2;7.7508
01/01/2016;Hong Kong;19.2;7.75235
01/07/2016;Hong Kong;19.2;7.7554
01/01/2017;Hong Kong;19.2;7.75595
01/07/2017;Hong Kong;19.2;7.8115
01/01/2018;Hong Kong;20.5;7.819
01/07/2018;Hong Kong;20;7.84825
01/01/2019;Hong Kong;20;7.83435
09/07/2019;Hong Kong;20.5;7.8105
01/04/2000;Hungary;339;279
01/04/2001;Hungary;399;303
01/04/2002;Hungary;459;272
01/04/2003;Hungary;490;224
01/05/2004;Hungary;530;211
01/06/2005;Hungary;530;203.643
01/01/2006;Hungary;560;206.956
01/05/2006;Hungary;560;206.3444
01/01/2007;Hungary;590;194.4237
01/06/2007;Hungary;600;180.2106
01/06/2008;Hungary;670;144.2578
01/07/2009;Hungary;720;199.1577
01/01/2010;Hungary;720;186.6508
01/07/2010;Hungary;740;221.96915
01/07/2011;Hungary;760;188.0724
01/01/2012;Hungary;645;245.69425
01/07/2012;Hungary;830;238.2151
01/01/2013;Hungary;830;217.46935
01/07/2013;Hungary;860;228.462
01/01/2014;Hungary;860;223.09705
01/07/2014;Hungary;860;228.30615
01/01/2015;Hungary;860;271.39345
01/07/2015;Hungary;900;282.8778
01/01/2016;Hungary;900;292.67905
01/07/2016;Hungary;900;285.6397
01/01/2017;Hungary;900;294.6172
01/07/2017;Hungary;862;268.6239
01/01/2018;Hungary;864;252.14215
01/07/2018;Hungary;850;276.4302
01/01/2019;Hungary;850;280.26875
09/07/2019;Hungary;900;290.5412
01/07/2011;India;84;44.4
01/01/2012;India;84;51.905
01/07/2012;India;89;56.165
01/01/2013;India;89;53.395
01/07/2013;India;90;59.98
01/01/2014;India;95;61.845
01/07/2014;India;105;60.08875
01/01/2015;India;116.25;61.615
01/07/2015;India;116.25;63.43
01/01/2016;India;127;66.8025
01/07/2016;India;162;67.2
01/01/2017;India;170;68.3275
01/07/2017;India;178;64.5575
01/01/2018;India;180;63.86125
01/07/2018;India;173;68.825
01/01/2019;India;178;69.685
09/07/2019;India;183;68.5544
01/04/2000;Indonesia;14500;7945
01/04/2001;Indonesia;14700;10855
01/04/2002;Indonesia;16000;9430
01/04/2003;Indonesia;16100;8740
01/05/2004;Indonesia;16100;9120
01/06/2005;Indonesia;14600;9545
01/01/2006;Indonesia;14600;9460
01/05/2006;Indonesia;14600;9325
01/01/2007;Indonesia;15900;9090
01/06/2007;Indonesia;15900;9015
01/06/2008;Indonesia;18700;9152
01/07/2009;Indonesia;20900;10200
01/01/2010;Indonesia;20900;9320
01/07/2010;Indonesia;22780;9063
01/07/2011;Indonesia;22534;8523
01/01/2012;Indonesia;22534;9160
01/07/2012;Indonesia;24200;9482.5
01/01/2013;Indonesia;27939;9767.5
01/07/2013;Indonesia;27939;9965
01/01/2014;Indonesia;27939;12140
01/07/2014;Indonesia;27939;11505
01/01/2015;Indonesia;27939;12480
01/07/2015;Indonesia;30500;13344.5
01/01/2016;Indonesia;30500;13947.5
01/07/2016;Indonesia;31000;13112.5
01/01/2017;Indonesia;31000;13329
01/07/2017;Indonesia;32126;13369.5
01/01/2018;Indonesia;35750;13359
01/07/2018;Indonesia;31500;14360
01/01/2019;Indonesia;33000;14090
09/07/2019;Indonesia;32000;14130
01/07/2011;Ireland;3.8;0.697520315
01/01/2012;Ireland;3.8;0.788239467
01/07/2012;Ireland;3.49;0.824844311
01/01/2013;Ireland;3.49;0.736946829
01/07/2013;Ireland;3.46;0.777756173
01/01/2014;Ireland;3.46;0.737218475
01/07/2014;Ireland;3.49;0.742748914
01/01/2015;Ireland;3.49;0.863073404
01/07/2015;Ireland;3.7;0.912700224
01/01/2016;Ireland;3.95;0.930232558
01/07/2016;Ireland;4;0.908306463
01/01/2017;Ireland;4;0.955246692
01/07/2017;Ireland;4.07;0.875695083
01/01/2018;Ireland;4.07;0.816826629
01/07/2018;Ireland;4.07;0.853205921
01/01/2019;Ireland;4.07;0.872486149
09/07/2019;Ireland;4.3;0.892339267
01/04/2000;Israel;14.5;4.05
01/04/2002;Israel;12;4.79
01/07/2009;Israel;15;3.97425
01/01/2010;Israel;14.9;3.7325
01/07/2010;Israel;14.9;3.8619
01/07/2011;Israel;15.9;3.40335
01/01/2012;Israel;15.9;3.8485
01/07/2012;Israel;11.9;4.07625
01/01/2013;Israel;14.9;3.72455
01/07/2013;Israel;17.5;3.64595
01/01/2014;Israel;17.5;3.4882
01/07/2014;Israel;17.5;3.4138
01/01/2015;Israel;17.5;3.93415
01/07/2015;Israel;17.5;3.77835
01/01/2016;Israel;16.9;3.94105
01/07/2016;Israel;16.9;3.85875
01/01/2017;Israel;16.9;3.855
01/07/2017;Israel;16.9;3.5405
01/01/2018;Israel;16.5;3.43635
01/07/2018;Israel;17;3.6349
01/01/2019;Israel;17;3.70785
09/07/2019;Israel;17;3.5667
01/07/2011;Italy;3.5;0.697520315
01/01/2012;Italy;3.5;0.788239467
01/07/2012;Italy;3.6;0.824844311
01/01/2013;Italy;3.85;0.736946829
01/07/2013;Italy;3.75;0.777756173
01/01/2014;Italy;3.85;0.737218475
01/07/2014;Italy;3.85;0.742748914
01/01/2015;Italy;3.85;0.863073404
01/07/2015;Italy;4;0.912700224
01/01/2016;Italy;4;0.930232558
01/07/2016;Italy;4.2;0.908306463
01/01/2017;Italy;4.2;0.955246692
01/07/2017;Italy;4.2;0.875695083
01/01/2018;Italy;4.2;0.816826629
01/07/2018;Italy;4.2;0.853205921
01/01/2019;Italy;4.2;0.872486149
09/07/2019;Italy;4.3;0.892339267
01/04/2000;Japan;294;106
01/04/2001;Japan;294;124
01/04/2002;Japan;262;130
01/04/2003;Japan;262;120
01/05/2004;Japan;262;113
01/06/2005;Japan;250;106.715
01/01/2006;Japan;250;114.305
01/05/2006;Japan;250;112.105
01/01/2007;Japan;280;121.585
01/06/2007;Japan;280;122.315
01/06/2008;Japan;280;106.855
01/07/2009;Japan;320;92.565
01/01/2010;Japan;320;91.54
01/07/2010;Japan;320;87.18
01/07/2011;Japan;320;78.365
01/01/2012;Japan;320;76.92
01/07/2012;Japan;320;78.22
01/01/2013;Japan;320;91.065
01/07/2013;Japan;320;100.105
01/01/2014;Japan;310;104.245
01/07/2014;Japan;370;101.53
01/01/2015;Japan;370;117.765
01/07/2015;Japan;370;123.935
01/01/2016;Japan;370;118.645
01/07/2016;Japan;370;106.725
01/01/2017;Japan;380;116.665
01/07/2017;Japan;380;113.06
01/01/2018;Japan;380;110.725
01/07/2018;Japan;390;111.25
01/01/2019;Japan;390;108.44
09/07/2019;Japan;390;108.765
01/07/2018;Jordan;1.95;0.71005
01/01/2019;Jordan;1.95;0.7096
09/07/2019;Jordan;2.3;0.709
01/07/2018;Kuwait;1.05;0.3025
01/01/2019;Kuwait;1.05;0.3031
09/07/2019;Kuwait;1.1;0.3045
01/07/2018;Latvia;2.7;0.853205921
01/01/2019;Latvia;2.8;0.872486149
09/07/2019;Latvia;2.85;0.892339267
01/07/2018;Lebanon;6500;1511
01/01/2019;Lebanon;6500;1507
09/07/2019;Lebanon;6500;1507
01/01/2014;Lithuania;8.8;2.5454
01/07/2014;Lithuania;8.95;2.56455
01/07/2018;Lithuania;2.8;0.853205921
01/01/2019;Lithuania;2.85;0.872486149
09/07/2019;Lithuania;2.85;0.892339267
01/04/2000;Malaysia;4.52;3.8
01/04/2001;Malaysia;4.52;3.8
01/04/2002;Malaysia;5.04;3.8
01/04/2003;Malaysia;5.04;3.8
01/05/2004;Malaysia;5.04;3.8
01/06/2005;Malaysia;5.25;3.8
01/01/2006;Malaysia;5.5;3.7488
01/05/2006;Malaysia;5.5;3.6295
01/01/2007;Malaysia;5.5;3.502
01/06/2007;Malaysia;5.5;3.4345
01/06/2008;Malaysia;5.5;3.238
01/07/2009;Malaysia;6.77;3.602
01/01/2010;Malaysia;7.05;3.3875
01/07/2010;Malaysia;7.05;3.2135
01/07/2011;Malaysia;7.2;2.973
01/01/2012;Malaysia;7.35;3.13955
01/07/2012;Malaysia;7.4;3.1735
01/01/2013;Malaysia;7.95;3.083
01/07/2013;Malaysia;7.3;3.1805
01/01/2014;Malaysia;7.4;3.3235
01/07/2014;Malaysia;7.63;3.1675
01/01/2015;Malaysia;7.63;3.6155
01/07/2015;Malaysia;7.65;3.8065
01/01/2016;Malaysia;8;4.3925
01/07/2016;Malaysia;8;4.027
01/01/2017;Malaysia;8;4.4715
01/07/2017;Malaysia;8.6;4.2935
01/01/2018;Malaysia;9;3.954
01/07/2018;Malaysia;8.45;4.0225
01/01/2019;Malaysia;9.05;4.1175
09/07/2019;Malaysia;8.85;4.1425
01/04/2000;Mexico;20.9;9.41
01/04/2001;Mexico;21.9;9.29
01/04/2002;Mexico;21.9;9.28
01/04/2003;Mexico;23;10.53
01/05/2004;Mexico;24;11.6
01/06/2005;Mexico;28;10.8675
01/01/2006;Mexico;28;10.5425
01/05/2006;Mexico;29;11.3031
01/01/2007;Mexico;29;10.8894
01/06/2007;Mexico;29;10.76755
01/06/2008;Mexico;32;10.1685
01/07/2009;Mexico;33;13.8104
01/01/2010;Mexico;32;12.81375
01/07/2010;Mexico;32;12.782
01/07/2011;Mexico;32;11.67075
01/01/2012;Mexico;37;13.6844
01/07/2012;Mexico;37;13.687
01/01/2013;Mexico;37;12.7384
01/07/2013;Mexico;37;12.94115
01/01/2014;Mexico;37;13.33275
01/07/2014;Mexico;42;12.93255
01/01/2015;Mexico;49;14.6275
01/07/2015;Mexico;49;15.73975
01/01/2016;Mexico;49;17.43675
01/07/2016;Mexico;44;18.535
01/01/2017;Mexico;49;21.9505
01/07/2017;Mexico;49;17.79075
01/01/2018;Mexico;48;18.6635
01/07/2018;Mexico;49;19.0515
01/01/2019;Mexico;49;19.30875
09/07/2019;Mexico;50;18.89525
01/07/2018;Moldova;43;16.6526
01/01/2019;Moldova;40;17.263
09/07/2019;Moldova;43;17.8142
01/07/2011;Netherlands;3.25;0.697520315
01/01/2012;Netherlands;3.25;0.788239467
01/07/2012;Netherlands;3.38;0.824844311
01/01/2013;Netherlands;3.45;0.736946829
01/07/2013;Netherlands;3.45;0.777756173
01/01/2014;Netherlands;3.45;0.737218475
01/07/2014;Netherlands;3.45;0.742748914
01/01/2015;Netherlands;3.45;0.863073404
01/07/2015;Netherlands;3.45;0.912700224
01/01/2016;Netherlands;3.45;0.930232558
01/07/2016;Netherlands;3.45;0.908306463
01/01/2017;Netherlands;3.61;0.955246692
01/07/2017;Netherlands;3.61;0.875695083
01/01/2018;Netherlands;3.71;0.816826629
01/07/2018;Netherlands;3.79;0.853205921
01/01/2019;Netherlands;4;0.872486149
09/07/2019;Netherlands;4.06;0.892339267
01/04/2000;New Zealand;3.4;2.01
01/04/2001;New Zealand;3.6;2.47
01/04/2002;New Zealand;3.6;2.24
01/04/2003;New Zealand;3.95;1.78
01/05/2004;New Zealand;4.35;1.64
01/06/2005;New Zealand;4.45;1.4023
01/01/2006;New Zealand;4.45;1.4467
01/05/2006;New Zealand;4.45;1.62101
01/01/2007;New Zealand;4.6;1.42796
01/06/2007;New Zealand;4.6;1.2797
01/06/2008;New Zealand;4.9;1.3177
01/07/2009;New Zealand;4.9;1.59235
01/01/2010;New Zealand;4.9;1.35685
01/07/2010;New Zealand;5;1.39275766
01/07/2011;New Zealand;5.1;1.156069364
01/01/2012;New Zealand;5.1;1.26000126
01/07/2012;New Zealand;5.1;1.273560876
01/01/2013;New Zealand;5.2;1.202428906
01/07/2013;New Zealand;5.5;1.279344975
01/01/2014;New Zealand;5.5;1.203007519
01/07/2014;New Zealand;5.7;1.152737752
01/01/2015;New Zealand;5.9;1.313283866
01/07/2015;New Zealand;5.9;1.509092281
01/01/2016;New Zealand;5.9;1.508068165
01/07/2016;New Zealand;6;1.421363087
01/01/2017;New Zealand;6;1.43358899
01/07/2017;New Zealand;6.1;1.376273053
01/01/2018;New Zealand;6.2;1.374664925
01/07/2018;New Zealand;6.2;1.464343242
01/01/2019;New Zealand;6.2;1.479289941
09/07/2019;New Zealand;6.4;1.513431706
01/07/2018;Nicaragua;103;31.5872
01/01/2019;Nicaragua;103;32.3607
09/07/2019;Nicaragua;110;33.1621
01/04/2002;Norway;35;8.56
01/05/2004;Norway;35.5;6.8491
01/06/2005;Norway;39;6.4326
01/05/2006;Norway;43;6.1023
01/01/2007;Norway;41.5;6.1023
01/06/2007;Norway;40;5.8139
01/06/2008;Norway;40;5.07915
01/07/2009;Norway;40;6.50925
01/01/2010;Norway;40;5.69555
01/07/2010;Norway;45;6.24625
01/07/2011;Norway;45;5.41405
01/01/2012;Norway;41;6.0399
01/07/2012;Norway;43;6.09205
01/01/2013;Norway;43;5.4831
01/07/2013;Norway;46;6.1281
01/01/2014;Norway;48;6.15745
01/07/2014;Norway;48;6.1873
01/01/2015;Norway;48;7.6225
01/07/2015;Norway;46;8.14255
01/01/2016;Norway;46.8;8.97465
01/07/2016;Norway;46.8;8.49355
01/01/2017;Norway;49;8.64835
01/07/2017;Norway;49;8.2852
01/01/2018;Norway;49;7.8501
01/07/2018;Norway;42;8.0415
01/01/2019;Norway;50;8.5329
09/07/2019;Norway;42;8.65275
01/07/2018;Oman;1.05;0.385
01/01/2019;Oman;1.05;0.3849
09/07/2019;Oman;1.21;0.385
01/05/2004;Pakistan;110;57.76
01/06/2005;Pakistan;130;59.62
01/05/2006;Pakistan;130;60.055
01/01/2007;Pakistan;140;60.055
01/06/2007;Pakistan;140;60.37
01/06/2008;Pakistan;140;70.9
01/07/2009;Pakistan;190;82.6
01/01/2010;Pakistan;200;82.6
01/07/2010;Pakistan;210;85.525
01/07/2011;Pakistan;205.13;86.345
01/01/2012;Pakistan;260;90.05
01/07/2012;Pakistan;285;94.605
01/01/2013;Pakistan;290;97.665
01/07/2013;Pakistan;300;100.035
01/01/2014;Pakistan;320;105.415
01/07/2014;Pakistan;300;98.68
01/01/2015;Pakistan;300;100.735
01/07/2015;Pakistan;350;101.7
01/01/2016;Pakistan;300;104.885
01/07/2016;Pakistan;375;104.82
01/01/2017;Pakistan;375;104.775
01/07/2017;Pakistan;375;105.15
01/01/2018;Pakistan;375;110.505
01/07/2018;Pakistan;375;121.49
01/01/2019;Pakistan;460;138.88
09/07/2019;Pakistan;480;157.45
01/04/2002;Peru;8.5;3.43
01/04/2003;Peru;7.9;3.46
01/05/2004;Peru;8.99;3.49
01/06/2005;Peru;8.99;3.2546
01/01/2006;Peru;9.5;3.446
01/05/2006;Peru;9.5;3.261
01/01/2007;Peru;9.5;3.1895
01/06/2007;Peru;9.5;3.167
01/06/2008;Peru;9.5;2.84
01/07/2009;Peru;8.056;3.0274
01/01/2010;Peru;8.056;2.8705
01/07/2010;Peru;10;2.8275
01/07/2011;Peru;10;2.7375
01/01/2012;Peru;10;2.6925
01/01/2013;Peru;10;2.5595
01/07/2013;Peru;10;2.783
01/01/2014;Peru;10;2.8065
01/07/2014;Peru;10;2.788
01/01/2015;Peru;10;3.008
01/07/2015;Peru;10;3.1835
01/01/2016;Peru;10;3.418
01/07/2016;Peru;10;3.30585
01/01/2017;Peru;11;3.3929
01/07/2017;Peru;10.5;3.2515
01/01/2018;Peru;10.5;3.212
01/07/2018;Peru;10.5;3.2715
01/01/2019;Peru;10.5;3.3485
09/07/2019;Peru;10.5;3.2868
01/04/2001;Philippines;59;50.3
01/04/2002;Philippines;65;51
01/04/2003;Philippines;65;52.5
01/05/2004;Philippines;69;55.9
01/06/2005;Philippines;80;54.55
01/01/2006;Philippines;82;52.58
01/05/2006;Philippines;85;52.625
01/01/2007;Philippines;85;49.05
01/06/2007;Philippines;85;45.8975
01/06/2008;Philippines;87;44.485
01/07/2009;Philippines;99.39;48.385
01/01/2010;Philippines;101.52;45.92
01/07/2010;Philippines;102;46.47
01/07/2011;Philippines;118;42.41
01/01/2012;Philippines;118;44.005
01/07/2012;Philippines;118;42.2
01/01/2013;Philippines;118;40.6
01/07/2013;Philippines;115.21;43.44
01/01/2014;Philippines;135;45.23
01/07/2014;Philippines;160;43.205
01/01/2015;Philippines;163;44.41
01/07/2015;Philippines;163;45.2125
01/01/2016;Philippines;131;47.0225
01/07/2016;Philippines;133;47.115
01/01/2017;Philippines;133;49.615
01/07/2017;Philippines;134;50.5765
01/01/2018;Philippines;134;50.725
01/07/2018;Philippines;140;53.487
01/01/2019;Philippines;140;52.3925
09/07/2019;Philippines;142;51.3175
01/04/2000;Poland;5.5;4.3
01/04/2001;Poland;5.9;4.03
01/04/2002;Poland;5.9;4.04
01/04/2003;Poland;6.3;3.89
01/05/2004;Poland;6.3;3.87
01/06/2005;Poland;6.5;3.3096
01/01/2006;Poland;6.5;3.1151
01/05/2006;Poland;6.5;3.09915
01/01/2007;Poland;6.9;2.97175
01/06/2007;Poland;6.9;2.75185
01/06/2008;Poland;7;2.03145
01/07/2009;Poland;7.6;3.15525
01/01/2010;Poland;8.1;2.83565
01/07/2010;Poland;8.3;3.1969
01/07/2011;Poland;8.63;2.7968
01/01/2012;Poland;9.1;3.52045
01/07/2012;Poland;9.1;3.46035
01/01/2013;Poland;9.1;3.092
01/07/2013;Poland;9.2;3.3655
01/01/2014;Poland;9.2;3.0684
01/07/2014;Poland;9.2;3.0714
01/01/2015;Poland;9.2;3.7066
01/07/2015;Poland;9.6;3.7736
01/01/2016;Poland;9.6;4.0477
01/07/2016;Poland;9.6;3.96565
01/01/2017;Poland;9.6;4.17215
01/07/2017;Poland;10.1;3.7086
01/01/2018;Poland;10.1;3.40575
01/07/2018;Poland;10.1;3.68695
01/01/2019;Poland;10.5;3.74845
09/07/2019;Poland;10.8;3.80775
01/07/2011;Portugal;2.9;0.697520315
01/01/2012;Portugal;2.9;0.788239467
01/07/2012;Portugal;4.95;0.824844311
01/01/2013;Portugal;2.95;0.736946829
01/07/2013;Portugal;2.95;0.777756173
01/01/2014;Portugal;3;0.737218475
01/07/2014;Portugal;3;0.742748914
01/01/2015;Portugal;3;0.863073404
01/07/2015;Portugal;3;0.912700224
01/01/2016;Portugal;3;0.930232558
01/07/2016;Portugal;3.05;0.908306463
01/01/2017;Portugal;3.05;0.955246692
01/07/2017;Portugal;3.25;0.875695083
01/01/2018;Portugal;3.2;0.816826629
01/07/2018;Portugal;3.25;0.853205921
01/01/2019;Portugal;3.25;0.872486149
09/07/2019;Portugal;3.25;0.892339267
01/07/2018;Qatar;12;3.641
01/01/2019;Qatar;12;3.64125
09/07/2019;Qatar;13;3.64175
01/07/2018;Romania;9.2;3.97325
01/01/2019;Romania;9.3;4.06695
09/07/2019;Romania;9.3;4.2192
01/04/2000;Russia;39.5;28.5
01/04/2001;Russia;35;28.9
01/04/2002;Russia;39;31.2
01/04/2003;Russia;41;31.1
01/05/2004;Russia;42;29
01/06/2005;Russia;42;28.4055
01/01/2006;Russia;46;28.67
01/05/2006;Russia;48;27.06375
01/01/2007;Russia;49;26.5335
01/06/2007;Russia;52;25.64825
01/06/2008;Russia;59;23.2336
01/07/2009;Russia;67;32.7959
01/01/2010;Russia;70;29.927
01/07/2010;Russia;71;30.44325
01/07/2011;Russia;75;27.7525
01/01/2012;Russia;81;31.7693
01/07/2012;Russia;75;32.76525
01/01/2013;Russia;72.88;30.045
01/07/2013;Russia;87;32.9389
01/01/2014;Russia;89;33.93925
01/07/2014;Russia;89;34.83725
01/01/2015;Russia;89;65.227
01/07/2015;Russia;107;56.815
01/01/2016;Russia;114;74.655
01/07/2016;Russia;130;63.40755
01/01/2017;Russia;130;60.4375
01/07/2017;Russia;137;60.1369
01/01/2018;Russia;130;56.745
01/07/2018;Russia;130;62.14065
01/01/2019;Russia;110.17;66.685
09/07/2019;Russia;130;63.83875
01/05/2004;Saudi Arabia;2.4;3.7502
01/06/2005;Saudi Arabia;9;3.7501
01/05/2006;Saudi Arabia;9;3.749
01/01/2007;Saudi Arabia;9;3.749
01/06/2007;Saudi Arabia;9;3.75045
01/06/2008;Saudi Arabia;10;3.74955
01/07/2009;Saudi Arabia;11;3.7504
01/01/2010;Saudi Arabia;10;3.7502
01/07/2010;Saudi Arabia;10;3.75045
01/07/2011;Saudi Arabia;10;3.7502
01/01/2012;Saudi Arabia;10;3.7502
01/07/2012;Saudi Arabia;10;3.75025
01/01/2013;Saudi Arabia;11;3.7502
01/07/2013;Saudi Arabia;10;3.7502
01/01/2014;Saudi Arabia;11;3.7504
01/07/2014;Saudi Arabia;11;3.75035
01/01/2015;Saudi Arabia;11;3.7569
01/07/2015;Saudi Arabia;12;3.75055
01/01/2016;Saudi Arabia;12;3.7543
01/07/2016;Saudi Arabia;12;3.7505
01/01/2017;Saudi Arabia;12;3.75065
01/07/2017;Saudi Arabia;12;3.75015
01/01/2018;Saudi Arabia;12;3.7503
01/07/2018;Saudi Arabia;12;3.7504
01/01/2019;Saudi Arabia;12;3.75115
09/07/2019;Saudi Arabia;13;3.75035
01/04/2000;Singapore;3.2;1.7
01/04/2001;Singapore;3.3;1.81
01/04/2002;Singapore;3.3;1.82
01/04/2003;Singapore;3.3;1.78
01/05/2004;Singapore;3.3;1.71
01/06/2005;Singapore;3.6;1.6607
01/01/2006;Singapore;3.6;1.6353
01/05/2006;Singapore;3.6;1.5873
01/01/2007;Singapore;3.6;1.53795
01/06/2007;Singapore;3.95;1.52375
01/06/2008;Singapore;3.95;1.35275
01/07/2009;Singapore;4.22;1.4645
01/01/2010;Singapore;4.45;1.39555
01/07/2010;Singapore;4.23;1.3742
01/07/2011;Singapore;4.41;1.20705
01/01/2012;Singapore;4.85;1.2928
01/07/2012;Singapore;4.4;1.2585
01/01/2013;Singapore;4.5;1.23485
01/07/2013;Singapore;4.7;1.2747
01/01/2014;Singapore;4.6;1.27885
01/07/2014;Singapore;4.7;1.238
01/01/2015;Singapore;4.7;1.33315
01/07/2015;Singapore;4.7;1.3664
01/01/2016;Singapore;4.7;1.43725
01/07/2016;Singapore;5.45;1.3577
01/01/2017;Singapore;5.6;1.43875
01/07/2017;Singapore;5.6;1.3777
01/01/2018;Singapore;5.8;1.32255
01/07/2018;Singapore;5.8;1.35585
01/01/2019;Singapore;5.8;1.3559
09/07/2019;Singapore;5.8;1.3613
01/07/2018;Slovakia;3;0.853205921
01/01/2019;Slovakia;3.2;0.872486149
09/07/2019;Slovakia;3.2;0.892339267
01/07/2018;Slovenia;2.3;0.853205921
01/01/2019;Slovenia;2.3;0.872486149
09/07/2019;Slovenia;2.4;0.892339267
01/04/2000;South Africa;9;6.72
01/04/2001;South Africa;9.7;8.13
01/04/2002;South Africa;9.7;10.9
01/04/2003;South Africa;13.95;7.56
01/05/2004;South Africa;12.4;6.66
01/06/2005;South Africa;13.95;6.6482
01/01/2006;South Africa;13.95;6.0803
01/05/2006;South Africa;13.95;6.597
01/01/2007;South Africa;15.5;7.10975
01/06/2007;South Africa;15.5;6.971
01/06/2008;South Africa;16.95;7.56325
01/07/2009;South Africa;17.95;8.2805
01/01/2010;South Africa;17.95;7.3045
01/07/2010;South Africa;18.45;7.5365
01/07/2011;South Africa;19.45;6.76885
01/01/2012;South Africa;19.95;8.1304
01/07/2012;South Africa;19.95;8.4683
01/01/2013;South Africa;20.9;9.047
01/07/2013;South Africa;22.5;10.04725
01/01/2014;South Africa;23.5;10.87765
01/07/2014;South Africa;24.5;10.5145
01/01/2015;South Africa;25.5;11.47875
01/07/2015;South Africa;26;12.41455
01/01/2016;South Africa;28;15.81375
01/07/2016;South Africa;30;14.27375
01/01/2017;South Africa;26.32;13.9525
01/07/2017;South Africa;30;13.27
01/01/2018;South Africa;30;12.25815
01/07/2018;South Africa;31;13.3619
01/01/2019;South Africa;31;13.8675
09/07/2019;South Africa;31;14.175
01/04/2000;South Korea;3000;1108
01/04/2001;South Korea;3000;1325
01/04/2002;South Korea;3100;1304
01/04/2003;South Korea;3300;1220
01/05/2004;South Korea;3200;1177
01/06/2005;South Korea;2500;1005.5
01/01/2006;South Korea;2500;977.45
01/05/2006;South Korea;2500;952.4
01/01/2007;South Korea;2900;940.15
01/06/2007;South Korea;2900;922.5
01/06/2008;South Korea;3200;1018.05
01/07/2009;South Korea;3400;1314.5
01/01/2010;South Korea;3400;1140.5
01/07/2010;South Korea;3400;1204.45
01/07/2011;South Korea;3700;1056.2
01/01/2012;South Korea;3700;1158.75
01/07/2012;South Korea;3700;1151
01/01/2013;South Korea;3700;1085.475
01/07/2013;South Korea;3900;1135.7
01/01/2014;South Korea;3700;1067.3
01/07/2014;South Korea;4100;1023.75
01/01/2015;South Korea;4100;1083.3
01/07/2015;South Korea;4300;1143.5
01/01/2016;South Korea;4300;1197.75
01/07/2016;South Korea;4400;1140.95
01/01/2017;South Korea;4400;1196.45
01/07/2017;South Korea;4400;1144.65
01/01/2018;South Korea;4400;1069.25
01/07/2018;South Korea;4500;1116
01/01/2019;South Korea;4500;1118.6
09/07/2019;South Korea;4500;1180.55
01/07/2011;Spain;3.5;0.697520315
01/01/2012;Spain;3.5;0.788239467
01/07/2012;Spain;3.5;0.824844311
01/01/2013;Spain;3.5;0.736946829
01/07/2013;Spain;3.5;0.777756173
01/01/2014;Spain;3.65;0.737218475
01/07/2014;Spain;3.65;0.742748914
01/01/2015;Spain;3.65;0.863073404
01/07/2015;Spain;3.65;0.912700224
01/01/2016;Spain;3.5;0.930232558
01/07/2016;Spain;3.5;0.908306463
01/01/2017;Spain;3.95;0.955246692
01/07/2017;Spain;3.8;0.875695083
01/01/2018;Spain;3.95;0.816826629
01/07/2018;Spain;4.1;0.853205921
01/01/2019;Spain;3.95;0.872486149
09/07/2019;Spain;3.95;0.892339267
01/05/2004;Sri Lanka;140;99
01/06/2005;Sri Lanka;175;99.945
01/05/2006;Sri Lanka;190;102.955
01/01/2007;Sri Lanka;190;102.955
01/06/2007;Sri Lanka;210;111.4
01/06/2008;Sri Lanka;210;107.55
01/07/2009;Sri Lanka;210;114.86
01/01/2010;Sri Lanka;210;114.86
01/07/2010;Sri Lanka;210;112.775
01/07/2011;Sri Lanka;280;109.475
01/01/2012;Sri Lanka;290;113.93
01/07/2012;Sri Lanka;290;131
01/01/2013;Sri Lanka;350;126.45
01/07/2013;Sri Lanka;370;130.8
01/01/2014;Sri Lanka;350;130.8
01/07/2014;Sri Lanka;350;130.255
01/01/2015;Sri Lanka;350;131.875
01/07/2015;Sri Lanka;350;133.85
01/01/2016;Sri Lanka;350;144.05
01/07/2016;Sri Lanka;530;146.2
01/01/2017;Sri Lanka;550;150.06
01/07/2017;Sri Lanka;580;153.725
01/01/2018;Sri Lanka;580;153.8
01/07/2018;Sri Lanka;580;159.27
01/01/2019;Sri Lanka;580;182.245
09/07/2019;Sri Lanka;640;175.675
01/04/2000;Sweden;24;8.84
01/04/2001;Sweden;24;10.28
01/04/2002;Sweden;26;10.4
01/04/2003;Sweden;30;8.34
01/05/2004;Sweden;30;7.61
01/06/2005;Sweden;31;7.4402
01/01/2006;Sweden;33;7.7119
01/05/2006;Sweden;33;7.28455
01/01/2007;Sweden;32;7.04125
01/06/2007;Sweden;33;6.79165
01/06/2008;Sweden;38;5.96085
01/07/2009;Sweden;39;7.90915
01/01/2010;Sweden;39;7.0821
01/07/2010;Sweden;48.4;7.37355
01/07/2011;Sweden;48.4;6.3352
01/01/2012;Sweden;41;6.9338
01/07/2012;Sweden;39.97301987;6.9777
01/01/2013;Sweden;40.55930138;6.3492
01/07/2013;Sweden;41.61;6.7583
01/01/2014;Sweden;40.7;6.47315
01/07/2014;Sweden;40.7;6.836
01/01/2015;Sweden;40.7;8.19145
01/07/2015;Sweden;43.7;8.52265
01/01/2016;Sweden;45;8.60185
01/07/2016;Sweden;44.94;8.59485
01/01/2017;Sweden;48;9.12455
01/07/2017;Sweden;48.97;8.41565
01/01/2018;Sweden;49.1;8.0188
01/07/2018;Sweden;51;8.7526
01/01/2019;Sweden;52;8.90625
09/07/2019;Sweden;51;9.47505
01/04/2000;Switzerland;5.9;1.7
01/04/2001;Switzerland;6.3;1.73
01/04/2002;Switzerland;6.3;1.66
01/04/2003;Switzerland;6.3;1.37
01/05/2004;Switzerland;6.3;1.29
01/06/2005;Switzerland;6.3;1.2475
01/01/2006;Switzerland;6.3;1.2776
01/05/2006;Switzerland;6.3;1.20885
01/01/2007;Switzerland;6.3;1.2485
01/06/2007;Switzerland;6.3;1.2112
01/06/2008;Switzerland;6.5;1.02215
01/07/2009;Switzerland;6.5;1.08605
01/01/2010;Switzerland;6.5;1.03115
01/07/2010;Switzerland;6.5;1.05085
01/07/2011;Switzerland;6.5;0.80615
01/01/2012;Switzerland;6.5;0.9551
01/07/2012;Switzerland;6.5;0.9906
01/01/2013;Switzerland;6.5;0.9123
01/07/2013;Switzerland;6.5;0.9674
01/01/2014;Switzerland;6.5;0.91005
01/07/2014;Switzerland;6.16;0.9024
01/01/2015;Switzerland;6.5;0.86165
01/07/2015;Switzerland;6.5;0.9528
01/01/2016;Switzerland;6.5;1.0088
01/07/2016;Switzerland;6.5;0.9861
01/01/2017;Switzerland;6.5;1.0236
01/07/2017;Switzerland;6.5;0.96415
01/01/2018;Switzerland;6.5;0.96085
01/07/2018;Switzerland;6.5;0.99325
01/01/2019;Switzerland;6.5;0.98165
09/07/2019;Switzerland;6.5;0.99355
01/04/2000;Taiwan;70;30.6
01/04/2001;Taiwan;70;32.9
01/04/2002;Taiwan;70;34.8
01/04/2003;Taiwan;70;34.8
01/05/2004;Taiwan;75;33.4
01/06/2005;Taiwan;75;31.175
01/01/2006;Taiwan;75;31.9495
01/05/2006;Taiwan;75;32.141
01/01/2007;Taiwan;75;32.9255
01/06/2007;Taiwan;75;32.7705
01/06/2008;Taiwan;75;30.3625
01/07/2009;Taiwan;75;33.1755
01/01/2010;Taiwan;75;31.8425
01/07/2010;Taiwan;75;32.1055
01/07/2011;Taiwan;75;28.834
01/01/2012;Taiwan;75;29.9795
01/07/2012;Taiwan;75;30.1955
01/01/2013;Taiwan;75;29.502
01/07/2013;Taiwan;79;30.0285
01/01/2014;Taiwan;79;30.161
01/07/2014;Taiwan;79;29.982
01/01/2015;Taiwan;79;31.493
01/07/2015;Taiwan;79;31.02
01/01/2016;Taiwan;69;33.2315
01/07/2016;Taiwan;69;32.029
01/01/2017;Taiwan;69;31.905
01/07/2017;Taiwan;69;30.4775
01/01/2018;Taiwan;69;29.553
01/07/2018;Taiwan;69;30.3725
01/01/2019;Taiwan;69;30.803
09/07/2019;Taiwan;72;31.172
01/04/2000;Thailand;55;38
01/04/2001;Thailand;55;45.5
01/04/2002;Thailand;55;43.3
01/04/2003;Thailand;59;42.7
01/05/2004;Thailand;59;40.8
01/06/2005;Thailand;60;40.53
01/01/2006;Thailand;60;39.755
01/05/2006;Thailand;60;38.445
01/01/2007;Thailand;62;35.3
01/06/2007;Thailand;62;34.455
01/06/2008;Thailand;62;33.36
01/07/2009;Thailand;64.49;34.165
01/01/2010;Thailand;70;33.135
01/07/2010;Thailand;70;32.305
01/07/2011;Thailand;70;29.75
01/01/2012;Thailand;78;31.75
01/07/2012;Thailand;82;31.7
01/01/2013;Thailand;87;29.755
01/07/2013;Thailand;89;31.275
01/01/2014;Thailand;96;32.875
01/07/2014;Thailand;99;31.78
01/01/2015;Thailand;99;32.605
01/07/2015;Thailand;108;34.0875
01/01/2016;Thailand;112;36.22
01/07/2016;Thailand;119;34.965
01/01/2017;Thailand;119;35.573
01/07/2017;Thailand;119;34.0365
01/01/2018;Thailand;119;31.95
01/07/2018;Thailand;119;33.17
01/01/2019;Thailand;119;32.0075
09/07/2019;Thailand;119;30.8275
01/04/2002;Turkey;4.00E+06;1324500
01/04/2003;Turkey;3750000;1600500
01/05/2004;Turkey;3950000;1531000
01/06/2005;Turkey;4;1.369
01/01/2006;Turkey;4.1;1.3365
01/05/2006;Turkey;4.2;1.5415
01/01/2007;Turkey;4.55;1.40975
01/06/2007;Turkey;4.75;1.2981
01/06/2008;Turkey;5.15;1.19275
01/07/2009;Turkey;5.65;1.55005
01/01/2010;Turkey;5.65;1.47455
01/07/2010;Turkey;5.95;1.5293
01/07/2011;Turkey;6.5;1.72285
01/01/2012;Turkey;6.6;1.86295
01/07/2012;Turkey;8.25;1.8269
01/01/2013;Turkey;8.45;1.76875
01/07/2013;Turkey;8.5;1.95745
01/01/2014;Turkey;8.5;2.26155
01/07/2014;Turkey;9.25;2.09125
01/01/2015;Turkey;9.25;2.33345
01/07/2015;Turkey;10.25;2.6457
01/01/2016;Turkey;10.25;3.0096
01/07/2016;Turkey;10.75;3.04305
01/01/2017;Turkey;10.75;3.91115
01/07/2017;Turkey;10.75;3.57605
01/01/2018;Turkey;10.75;3.8026
01/07/2018;Turkey;10.75;4.70625
01/01/2019;Turkey;10.75;5.3834
09/07/2019;Turkey;13.99;5.722
01/06/2005;UAE;9;3.6725
01/05/2006;UAE;9;3.6726
01/01/2007;UAE;10;3.6726
01/06/2007;UAE;10;3.67285
01/06/2008;UAE;10;3.67285
01/07/2009;UAE;10;3.673
01/01/2010;UAE;11;3.673
01/07/2010;UAE;11;3.67285
01/07/2011;UAE;12;3.67305
01/01/2012;UAE;12;3.673
01/07/2012;UAE;12;3.67295
01/01/2013;UAE;12;3.67305
01/07/2013;UAE;12;3.673
01/01/2014;UAE;12;3.673
01/07/2014;UAE;13;3.67305
01/01/2015;UAE;13;3.67305
01/07/2015;UAE;13;3.67295
01/01/2016;UAE;13;3.6731
01/07/2016;UAE;13;3.6731
01/01/2017;UAE;13;3.673
01/07/2017;UAE;14;3.673
01/01/2018;UAE;14;3.673
01/05/2004;Ukraine;7.25;5.3315
01/06/2005;Ukraine;7.25;5.06
01/05/2006;Ukraine;8.5;5.05
01/01/2007;Ukraine;9;5.05
01/06/2007;Ukraine;9.25;5.0275
01/06/2008;Ukraine;11;4.6
01/07/2009;Ukraine;14;7.66
01/01/2010;Ukraine;14;7.66
01/07/2010;Ukraine;14.5;7.899
01/07/2011;Ukraine;16.5;7.994
01/01/2012;Ukraine;17;8.0405
01/07/2012;Ukraine;15;8.0855
01/01/2013;Ukraine;19;8.144
01/07/2013;Ukraine;19;8.155
01/01/2014;Ukraine;19;8.379
01/07/2014;Ukraine;19;11.685
01/01/2015;Ukraine;19;15.822
01/07/2015;Ukraine;34;21.95
01/01/2016;Ukraine;36;23.35
01/07/2016;Ukraine;39;24.8
01/01/2017;Ukraine;42;27.235
01/07/2017;Ukraine;44;25.915
01/01/2018;Ukraine;47;28.715
01/07/2018;Ukraine;50;26.199
01/01/2019;Ukraine;54;27.8
09/07/2019;Ukraine;57;25.6475
01/07/2018;United Arab Emirates;14;3.67315
01/01/2019;United Arab Emirates;14;3.67315
09/07/2019;United Arab Emirates;14.75;3.67315
01/04/2000;United States;2.51;1
01/04/2001;United States;2.54;1
01/04/2002;United States;2.49;1
01/04/2003;United States;2.71;1
01/05/2004;United States;2.9;1
01/06/2005;United States;3.06;1
01/01/2006;United States;3.15;1
01/05/2006;United States;3.1;1
01/01/2007;United States;3.22;1
01/06/2007;United States;3.41;1
01/06/2008;United States;3.57;1
01/07/2009;United States;3.57;1
01/01/2010;United States;3.58;1
01/07/2010;United States;3.733333333;1
01/07/2011;United States;4.065;1
01/01/2012;United States;4.19722;1
01/07/2012;United States;4.3275;1
01/01/2013;United States;4.367395833;1
01/07/2013;United States;4.556666667;1
01/01/2014;United States;4.624166667;1
01/07/2014;United States;4.795;1
01/01/2015;United States;4.79;1
01/07/2015;United States;4.79;1
01/01/2016;United States;4.93;1
01/07/2016;United States;5.04;1
01/01/2017;United States;5.06;1
01/07/2017;United States;5.3;1
01/01/2018;United States;5.28;1
01/07/2018;United States;5.51;1
01/01/2019;United States;5.58;1
09/07/2019;United States;5.74;1
01/05/2004;Uruguay;29.8;29.735
01/06/2005;Uruguay;44;24.125
01/05/2006;Uruguay;42.28;23.925
01/01/2007;Uruguay;55;23.925
01/06/2007;Uruguay;62;23.945
01/06/2008;Uruguay;61;19.15
01/07/2009;Uruguay;61;23.17
01/01/2010;Uruguay;77;23.17
01/07/2010;Uruguay;79;21.1
01/07/2011;Uruguay;90;18.45
01/01/2012;Uruguay;90;19.45
01/07/2012;Uruguay;99;21.87
01/01/2013;Uruguay;105;19.28
01/07/2013;Uruguay;105;21.085
01/01/2014;Uruguay;105;21.38
01/07/2014;Uruguay;113;22.97
01/01/2015;Uruguay;113;24.425
01/07/2015;Uruguay;113;27.345
01/01/2016;Uruguay;113;30.185
01/07/2016;Uruguay;123;30.165
01/01/2017;Uruguay;125;28.725
01/07/2017;Uruguay;130;28.705
01/01/2018;Uruguay;140;28.58
01/07/2018;Uruguay;140;31.31
01/01/2019;Uruguay;140;32.51
09/07/2019;Uruguay;164;35.1695
01/04/2002;Venezuela;2500;857
01/04/2003;Venezuela;3700;1598
01/05/2004;Venezuela;4400;2977
01/06/2005;Venezuela;5600;2629.62
01/01/2006;Venezuela;5900;2615.92
01/05/2006;Venezuela;5701.25;2519.58
01/01/2007;Venezuela;6800;4125.278
01/06/2007;Venezuela;7400;2147.3
01/07/2011;Venezuela;28;4.29465
01/01/2012;Venezuela;30;4.29465
01/07/2012;Venezuela;34;4.29465
01/01/2013;Venezuela;39;4.29465
01/07/2013;Venezuela;45;6.2921
01/01/2014;Venezuela;45;6.2921
01/07/2014;Venezuela;75;11
01/01/2015;Venezuela;132;52.1021
01/07/2015;Venezuela;132;197
01/01/2016;Venezuela;132;198.6986
01/07/2016;Venezuela;2170;641.4001
01/01/2017;Venezuela;3550;676.6047
01/07/2017;Venezuela;10950;2700
01/01/2018;Venezuela;0;0
01/07/2014;Vietnam;60000;21230
01/01/2015;Vietnam;60000;21380
01/07/2015;Vietnam;60000;21810
01/01/2016;Vietnam;60000;22467.5
01/07/2016;Vietnam;60000;22300
01/01/2017;Vietnam;60000;22572
01/07/2017;Vietnam;60000;22732.5
01/01/2018;Vietnam;65000;22711.5
01/07/2018;Vietnam;65000;23039.5
01/01/2019;Vietnam;65000;23199
09/07/2019;Vietnam;65000;23231
