date,industry_general,extracting_industry,transformation_industry,industry_geral_sa,extracting_industry_sa,transformation_industry_sa,capital_assets,intermediary_goods,consumer_goods,consumer_durables,consumer_semidurables_nondurables,capital_assets_sa,intermediary_goods_sa,consumer_goods_sa,consumer_durables_sa,consumer_semidurables_nondurables_sa,beverages,smoke_products,textile_products,clothing_acessories_manufacture,leather_accessories_products,timber_products,cellullose_paper_products,petroleum_products,chemical_products,farmaceutical_products,rubber_plastic_products,nonmetalic_mineral_products,metalurgy,metal_produts_except_equipment,electronic_and_computing_produts,machines_electric_materials,machines_equipments,cars_trucks,other_transportation_equipments,furniture_and_diverse
01/01/1998,64,56.3,65.8,70.8,58.4,73.7,47.7,67.7,65.3,43.3,74.7,53.4,72.9,75.5,53,85.7,76.5,145.7,83.5,62.5,127.7,102,75.1,84.8,62.5,41.9,77.6,78.3,77.4,60.2,43.2,50.5,46.1,49.9,37.4,66.8
01/02/1998,61.6,57.8,63.1,72.2,62.2,74.5,43,65.4,62,40.2,70.7,48.4,74,75.9,51.7,85.9,63.9,236.9,85.8,65,117.7,97.5,69,78.6,58.7,45.2,75.7,71.1,77.1,62.2,46.9,52,44,43.5,23.1,57.4
01/03/1998,73.8,65.2,76,72.6,63.3,74.5,55.9,76.2,75.5,56,83,54.7,74.2,76.4,53.1,85.6,93.2,409.2,103.1,78.6,179.5,122.1,77.9,86.8,71,54.5,87.2,82.4,88,71.1,63.4,60.4,52.6,60.8,33,73.8
01/04/1998,70,60.4,72.2,71.9,60.5,74.3,52,71.2,72.2,57.7,78.1,54.5,72.9,77.1,55.7,85.9,69.2,351.6,101.4,79,183,111.1,71.6,85.3,63.2,55.4,79.3,80.6,86.1,68.1,63,53.5,48.4,60.1,27.8,74.8
01/05/1998,74.6,61.5,77.1,73.5,64.3,75.6,52.7,75.9,78,60.9,84.7,53.6,75.3,79.4,59.8,87.3,75.3,330.5,108.7,83.4,190.9,118,78.1,97.3,67,61.3,82.3,82.6,91.4,68.1,69.4,59.7,50.4,64.5,23.6,78.8
01/06/1998,73.9,61.4,76.5,72.1,58,74.6,53.1,75.5,77,53.6,86.4,51.7,74.1,76.5,52.3,86.1,74.7,328.2,104.5,82.1,169.1,122.3,73.1,99.6,72.5,60.2,83.7,79.4,91.4,65,65.5,58.1,48.9,62.2,29.1,72
01/07/1998,78.4,63.4,81.3,73.1,65.3,75.3,56.7,79.5,83.2,51.2,96.5,52.8,74.7,77.5,47.4,88.5,81.2,218.3,108,93.9,178.4,114.2,82.1,106.2,75.8,69.2,88.7,83.9,94.7,72.6,68.6,62,50.6,58.2,29.4,76.1
01/08/1998,76,63.6,78.5,72.1,60,74.2,49.9,77.4,82.4,58.2,93.1,50.7,74,76.6,54.1,86.1,76.9,118.5,105.3,93,170.9,114.9,77.8,106,75.3,56.7,85.7,82.7,98.2,69.8,57.9,55.7,47.9,59.4,31,78.7
01/09/1998,77.9,67.4,80.5,74.3,66.3,76.6,57.9,77.5,85.5,64.1,94.9,56.3,74,77.9,58.9,87.4,83.8,102.4,107.3,102.1,207.3,111.9,79.9,98.1,81.6,63.4,82.2,83.6,84.5,69.3,71.1,59.4,55,61.6,34.7,79.9
01/10/1998,76.7,65.7,79,70.8,64.7,72.9,54.7,77.7,84.4,54.4,97.3,51.4,72.6,75.5,49.8,86.3,89.6,86.7,109,109.4,214.5,101,79.5,105.2,82,64.6,84,80.9,75.6,67,66.9,62.1,53.7,47.5,29.4,75.4
01/11/1998,72.7,64.8,74.5,70.5,64.2,71.7,50,73.2,81.7,51.7,94.5,48.1,72.1,75.3,48.6,86.7,88.3,81.6,105.2,107.9,225.4,118.8,79.1,93,74,59.3,78.3,78.2,74,65.4,62.9,60,47.8,39.6,26.7,81.6
01/12/1998,62.5,60.9,62.8,68.1,61.1,69.4,43,64,69.6,41.8,81.7,41.9,70.4,73.9,49.1,84.8,92.4,68.4,80,73.7,150.8,91.6,75.5,87.1,64.5,46.6,63.3,73.8,60.4,53.5,44.8,57.5,38.8,24.8,24.2,76.6
01/01/1999,61.5,63.6,61.6,69.7,65.6,70.8,40,66.1,62.5,39.9,72.1,46,72.4,74.1,50.2,84.2,69.9,76.1,86.4,66.1,131.8,100,74.6,83.3,60.9,39.8,74.6,70.8,65.8,56.2,40.8,47.1,39.1,39.2,27.3,64.3
01/02/1999,56.8,55.4,57.5,67.3,60.1,68.9,39.8,61.1,56.1,32.3,66.4,44.7,70,69.7,43.3,81.2,62.5,132.3,84.8,62.4,119.8,103.6,68.9,72.3,56.1,46,72.7,67.4,61.7,56.2,35.3,42.5,40.2,37.7,23.7,54.9
01/03/1999,69.4,69.8,70.6,66.7,68.4,67.5,44.7,73.4,71,45.1,81.9,42.2,70.3,69.8,39.7,82.8,81.8,322.6,101.3,80.3,174.3,105.1,74.1,90,67,63.8,82.3,78,72.7,66.1,45.5,57,45,49.9,32,73.5
01/04/1999,66.2,65.9,67.2,68,65.5,69.3,38.5,70.4,67.8,43.5,78,40,72.1,72.1,40.9,85.4,92.1,304,98,80.7,175.6,105.5,72.2,87.3,61.5,56.6,77.2,74,78.9,62.7,40.8,51.4,41.9,48,16.7,63.9
01/05/1999,70.1,58.4,72,69.1,60.7,70.7,43.2,73.8,70.8,42.2,82.8,43.9,72.9,72,41.3,85.3,71.1,321.2,106.8,78.9,172.4,113.2,72.6,101.4,66,62.7,79.1,77.3,76.2,66.7,41.1,51.5,44.6,46.4,30.8,68.5
01/06/1999,70.8,71.8,72.3,69.1,68.7,70.5,48.9,74.1,71.7,40.9,84.7,48.3,72.6,71.7,40.2,84.8,70.7,297,106.2,76.4,160.4,105.9,76.3,100.2,68.5,67.2,75.3,74.6,78.2,65.1,43.8,53.9,48.1,49.2,23,72.5
01/07/1999,71.3,60.6,73.3,67.4,62.6,68.8,41.6,75.8,75.1,41.4,89.5,39.8,72,71.2,40.6,83.3,72.9,276,108.9,81.7,161.1,110.8,77.8,99.1,72.5,64,77.7,76.9,81.7,66.5,47.7,56.8,41.7,49.1,22,70.3
01/08/1999,74.4,64.2,76.5,69.4,60.4,71,42.6,79,78.4,48,91.3,41.6,74.5,71.6,43.4,83.1,75.8,103.5,109.4,86.2,170.7,107.9,80.3,96.1,83,58.9,78.9,79,89.4,69.3,54.9,59.1,44.4,54.6,18.7,80.9
01/09/1999,73.3,60.6,75.5,69.8,59.4,71.7,42.5,77,78.6,48.1,91.4,41.1,73.8,71.5,43.4,84.1,81,28.8,107.5,84.1,185.9,108.1,78.6,98.5,84.8,59.8,78.1,78.4,80.4,68.3,57.8,54.7,44.6,51.6,17.4,80.5
01/10/1999,74.7,63.5,76.8,70.2,62.2,72.2,44,79.4,78.3,45.5,92.2,42.7,75.5,71.3,43.6,82.8,86.5,28.3,109.7,93.6,187.3,109.1,84.4,103.2,89.4,59.1,81.7,80.7,81.3,65.8,55.1,54.7,46.4,46.6,21.3,77.8
01/11/1999,74,65.4,75.7,70.4,64.9,71.5,47.6,78.4,78.3,48.4,90.8,44.8,76,70.2,43.1,81.6,88.3,28.7,108.4,101.1,205.2,106.2,82.9,94.2,85.8,56,80.8,77.2,81.7,66.9,63.2,56.9,46.2,48,36.5,83.1
01/12/1999,65.3,65.9,65.6,70.9,66.5,72.1,46.1,69.5,66.4,36.1,79.2,45.9,75.9,70.5,42.4,82.6,97.2,49.4,84.6,72.7,145.3,83,81.2,86.3,76.8,50.9,68.6,74.3,68.6,60.4,45,48.7,41,32.1,39.6,75.8
01/01/2000,62.2,57.3,62.8,70.2,59.4,71.8,36.9,69.3,60.1,35.9,70.1,42.2,75.6,71.2,44.7,81.8,63.1,40.5,92.5,72.5,119.5,102.5,77.9,77.6,67.4,39.2,75,73.2,70.8,63.5,43.6,47.3,38.7,41.2,30.1,65.6
01/02/2000,66.2,61.3,67.5,71.2,67,72.8,45.9,72.2,64.5,42.6,73.1,45.2,76.8,71,43.9,82,62.5,151.5,104.1,77.2,140,105,75.4,77.3,68.5,51.6,78.1,73.7,75.6,66.4,50,50.2,49.5,50.6,29.3,70.4
01/03/2000,70.9,67.5,72,71.3,66.3,72.3,45.2,78.3,68.5,44.6,78,46,76.9,71.2,46.5,81.8,93.8,222.5,113.3,80.3,165.6,111.1,82.8,82.4,72.4,53.4,82.7,75.9,81.6,63.5,54.2,54.2,48.7,52.8,27,68
01/04/2000,67.9,60.7,69.1,72.4,60,73.8,42.6,75.5,63.7,43.6,71.5,46.4,79.1,71,44.7,81.1,75.4,235.6,108.1,79.1,148.7,105.2,73.9,83,69.4,54,77.3,74.1,84.2,58.3,53.9,53.8,45.4,52,30.6,67.3
01/05/2000,75.1,65.3,76.9,71.6,66.4,73,47.1,81.4,72.6,49.1,81.5,45.2,78.4,70.3,44.6,81,79.4,272.4,118.1,84.2,176.8,115.9,79.9,92.1,74.6,65.5,81.8,77.6,89.7,67.8,65.4,57.7,50,58.4,29.3,82.4
01/06/2000,75.3,70.1,76.9,73.8,67.3,75.4,47.1,82,71.4,47.4,81.3,47,80.7,71.7,47.1,81.7,61.6,297.9,110.3,78,158.7,110,79.1,102.6,76.4,59.4,79.9,75.3,89.7,66.5,62.4,56.6,50.1,58,28.1,76.9
01/07/2000,77.2,66.4,79.1,74.9,68.3,76.3,49,83.2,75.6,47.8,86.9,48.4,80.7,74,50.1,82.8,68.5,239.2,116.8,87.2,149.4,112.6,84,100.6,82,68.1,83.6,78.3,91.5,68.7,65.2,59.8,48.6,58.6,31.5,77.4
01/08/2000,81.4,74.8,83.3,75.4,70.9,76.6,54.1,86.2,81.1,55.1,91.6,50.8,81,73.4,50.3,82.4,78,120.5,115.8,92.2,170.5,114.3,83,99,88.6,71.6,92.2,83.6,93.1,70.6,72.9,67.9,56.3,65.4,23,85.9
01/09/2000,77,73.9,78.2,74.9,72.7,75.9,50.4,82.4,77.5,54.6,87.1,49.8,80.4,72.6,52.6,81.3,76.4,76.1,108.4,91.2,168.9,96.2,82.1,92.4,87,62.6,85.3,79.4,87.6,66,70.7,60.7,53,59,17.6,78.7
01/10/2000,81.3,70.3,82.9,75.2,68.8,76.9,49.4,86.6,83.3,55.2,94.7,46.6,81.5,74.9,51.7,84,84.9,74.1,111.1,99.9,189.8,102.4,87.4,107.1,92.8,63.4,83.7,79.7,95.6,67.9,76.3,64,53.2,57.5,25.7,84.7
01/11/2000,78.4,70.8,79.5,74.8,70.4,75,53.4,81.8,82.8,59.6,91.9,50.5,79.3,74.7,53.8,83,91,65.7,107.1,103.4,208.4,103.2,86.7,87.2,86.6,65.7,80.8,77.9,87.7,69.2,77.4,66.4,56,51.6,39,91.2
01/12/2000,71.6,75.5,71.2,79.7,76.4,80.3,48.9,75.8,73,52.2,81.2,52.7,84.2,80.2,61.1,87.9,97.2,88.7,87.7,73.3,128.8,92.2,80.2,86.5,77,50.8,71.2,71,78.5,59.4,67.1,58,50.9,44.4,31.6,82.8
01/01/2001,72,76,72.2,77.2,78.5,78.2,48.8,76.9,68.2,48.8,76.2,52.6,81.1,75.3,52.2,84.5,70.4,73.5,95.6,68.7,130.1,107.7,74,79.7,76,42.6,80.9,75.3,85,64.1,67.9,63.6,53.3,51.4,33.5,69.9
01/02/2001,67.3,73.4,67.6,77.5,79,78.5,46,73.1,63.1,46.3,69.5,51.4,82,75.6,55.6,83.6,60.7,96.4,92.9,72.9,106.3,93,77.8,76.3,66.6,48.2,72.7,69.2,82.6,64.9,59.1,66.8,50.5,49.2,34.3,61.4
01/03/2001,78.9,69.7,80.4,76.9,69.1,78.1,53.8,84.1,75.1,56.7,81.5,51.2,81.8,74.5,51.9,82.7,82.5,264.8,109.4,81.4,142.7,100.7,81.8,84.1,76.4,62.1,86.3,78.6,100.2,74.1,77.1,72.3,59.9,67.9,36.7,76.2
01/04/2001,73.4,64.5,74.6,76.3,63.6,77.9,47,77.3,69.2,55.1,74.8,49,79.7,74.5,54.6,82.5,88.4,281.6,99.9,72.4,148.3,99.5,77,78.6,68.3,54.7,77.4,73.9,96.8,66.7,67.9,78.8,52.1,61.9,38.2,71.9
01/05/2001,79.4,66.4,81.5,76.3,65.9,78.1,52.6,82.5,76.2,57.9,83,50.4,79.6,73.8,53.7,82.2,78.6,336.1,107.4,75.6,170.5,107.6,77.4,91.5,74.5,66.2,86.5,79.6,95.5,72.8,76.6,78.5,59.1,70.3,40.5,82.3
01/06/2001,75.4,82.3,76.2,75.7,79.7,76.5,47.3,79.2,70.8,48.4,80.2,49.1,79.4,73.3,50.6,82.3,73.7,255.6,99,66.9,133.8,103.4,76.5,96.8,73.9,62,75.7,73.3,89.3,65.6,62.1,70.2,52.7,59.5,35.7,74.2
01/07/2001,79.1,72.4,80.5,75.6,74.7,76.6,50.3,82.1,75.6,45.9,88,48.1,78.7,72.8,47.1,83.1,71.2,138.2,98.9,77.9,142,106.3,78.7,104,80.7,66.8,79.3,77.5,88.4,68.3,60.7,77.2,54.7,56.5,43.6,78.6
01/08/2001,80.1,82,81.3,74.5,78,75,53,82,80.1,47.5,94,49.4,77,73.1,44.3,85.2,72.9,18.2,102.5,83.8,160.4,109.5,77.8,103.2,84.7,77.1,82.7,82.4,86.9,74.1,56.4,90.7,58.7,55.9,32.8,85.4
01/09/2001,74.5,74.9,75.5,73.7,74.2,74.5,46.4,77,73.9,42.6,87.2,46.9,76,71.2,43.2,82.9,78.3,77.8,92.6,75.2,157.2,102.7,82,102.9,78.7,58.4,74.3,73.3,90.7,67.3,47.9,78.4,50.8,47.9,32.8,77
01/10/2001,77.9,76.9,79.5,70.2,75.1,72,49.4,79.2,80,46.6,93.5,45.6,72.8,70,41.3,81.6,89.6,92.8,101.9,85.9,187.5,107.5,78.2,100.8,79.8,65.1,77.8,76,88.7,71.7,59.1,75.6,56.6,46.7,44,87.2
01/11/2001,76,78,76.8,72.2,77.7,71.9,45.9,76.5,81,49,93.9,43.6,73.6,73,42.4,85.2,87.6,46.8,98.1,89,192.2,107.2,82.7,89.9,75.7,65.6,73.7,72.8,83.5,66.3,57.7,83.2,55.5,46.8,37.8,88.8
01/12/2001,64.8,80.9,63.6,72.6,82.1,72.2,39.2,67,66.6,38.2,78.3,43.2,74.9,73.4,46.1,85.3,89.1,19.6,75.8,65.8,108.9,89.9,75.4,83,60.9,62,62.2,68.4,72.8,55.4,41.4,64.2,45.3,32.5,28.7,78.1
01/01/2002,68.7,83.4,67.8,73.7,86.1,73.5,41.2,74.2,67.8,42.6,78.1,44.3,78.2,74.3,45,85.9,67.1,63.7,91.1,61.6,125.7,96.4,79.3,82.3,68.7,48.5,75.2,69.8,80.9,62.8,46.8,68.2,54.2,48,19.7,71.8
01/02/2002,66.5,79.1,65.7,76.7,85,76.6,40.9,72,62.9,37.7,73.2,45.8,81,75.1,46.3,87.1,60.7,89.5,90.6,65.4,105.5,83,72.9,80.1,61,60.7,73.9,65.9,81.5,64.6,41.3,62.3,50.3,47.1,39.5,60.2
01/03/2002,73.3,85.5,72.6,75.7,84.6,74.9,45.3,78.4,70.6,46.7,80.2,46.5,79.3,75.1,47.3,86.4,62.6,210.1,98,78.6,136.6,96.4,78.3,85.1,63.4,71.5,77.3,72.2,85.7,68.1,51.6,66.4,52.3,54.3,41.8,71.9
01/04/2002,76.4,91.3,75.5,74.8,90.6,74.1,50.1,79.9,74.2,51.3,83.3,47.8,79.3,73.9,45.9,85.1,64.7,192.6,103.2,84.1,148.9,95.9,74.5,86.6,66,74.6,83,72.8,81.5,76.1,57.3,69.4,57.8,57.3,48.7,76.5
01/05/2002,77,97.6,75.9,74,95.9,72.8,48.8,82.7,72.2,47.2,82.3,46.6,80.1,69.7,43.3,81,62.2,140.5,97.6,79.1,151.3,99.2,78.8,90.1,69.5,62.3,82.8,74.6,91.4,71,53.1,68.7,56,54.5,56.8,72.3
01/06/2002,73.1,90.6,71.9,75,88.2,74.1,43.1,80.9,67,40.5,77.9,46.4,82.7,70.9,44.8,81.1,59.9,212,92.2,73.6,104.8,100,84.1,86.3,70.9,67.9,72.8,71.1,93.5,65.5,47.1,61.2,51.2,48.7,45.3,65.7
01/07/2002,78.9,82.2,78.7,74.5,84.6,73.8,51.6,82.8,75.1,43.3,87.9,48,78.6,71,42.8,82.1,69.3,125.9,97.5,87.4,139,104.1,77.5,97.8,79.1,70.4,78.8,72.9,77.1,72.4,61.1,84.3,61.6,50.1,50,74.7
01/08/2002,76.7,78.3,76.5,72.6,74,71.7,45.7,81,76.7,43.2,90.4,43.8,77.1,71.9,43.1,83.4,68.6,37.3,101,92.3,148.5,102.3,75.4,93.5,79.8,72.4,76.6,74.4,83.5,66.9,51.6,76.1,59.1,46.5,50.9,74.6
01/09/2002,74.5,88.5,73.7,72.2,88.6,71.2,44.8,76.5,73.7,44.4,85.9,43.8,74.3,69.7,43.7,80.3,68.2,70,96.9,89.4,172.2,104.7,80.6,87.7,80.7,63,76.2,72.3,83.6,69.4,49.2,72.9,54.3,47.5,51.3,79.6
01/10/2002,81.3,91.8,80.5,73.3,90.1,72.8,47.1,82.4,85.2,52.1,98.7,43.5,75.6,75.4,46.8,87.3,84.2,19.5,107.5,98.5,182.4,108.4,78.7,92.5,82.8,75.7,84.2,77.9,85,75.2,55.1,72.4,59,53.1,52.3,94.1
01/11/2002,77.7,87.2,77.1,75.1,86.7,73.3,45.1,80,80.9,51.5,92.9,44.2,77.8,74.7,46.2,86.2,87.2,33.3,104.2,95.8,185.2,110.1,83.7,86.7,77.8,66.6,79.9,75.8,80.3,69.8,52,75.5,57.1,51.5,57.3,87.7
01/12/2002,67.1,85.6,66,73.3,87.3,73,37.3,70.8,68.7,38.2,81,40.7,77.3,73.8,43.2,87,91.3,69.1,80.9,60.6,120.2,84.9,81.4,77.5,65.1,64,71,70,87.8,58.5,41.5,63.8,48.8,36.2,24.2,73.6
01/01/2003,66.4,83.6,65.4,71.2,86.5,70.7,41.1,72.3,63.6,43,72,44,76.1,69.6,44.9,79.3,65.5,92.5,83.4,55.4,115.1,109.1,75.9,75.4,69.2,44.7,74.2,71.4,83,64.2,38.6,59.2,50.1,52.7,51.1,62.6
01/02/2003,65.3,78.6,64.4,72.1,85,71.4,42.2,70.2,61.3,39.7,70,43.5,77.5,68.7,40,80.5,60.5,109.4,87.6,60.1,93.9,97.9,70.1,66.3,64.5,59.2,70.4,69.2,78.8,64.7,39.9,65.1,53.8,49.5,54,60.8
01/03/2003,69.1,84.8,68.1,71.8,83,71,41,75.5,64.3,35,76.3,43.1,76.4,69.4,39.6,81.4,58.5,202.1,92.1,62,109.7,94.7,75.9,80,68.3,59.5,70.3,70.6,95.4,66.2,42.5,59.5,51.5,47.9,51.8,58.8
01/04/2003,69.6,91.5,68.2,71.4,90.8,70.4,42.5,74.2,64.8,39.1,75.2,42.5,76,68.4,38.3,80.8,59.2,158.8,90.4,63.1,117,93.7,77.2,79.9,67.2,57.6,70.1,66.6,93,66.1,48.3,61.2,53.5,47.3,52.1,61.3
01/05/2003,71.6,82.3,71,70,79.7,69.5,41,75.5,69.5,39.6,81.7,40.2,74,68.4,38.1,81.2,58.7,156.4,92.3,66.3,117.7,106.7,72.4,86.6,70.8,67.6,68.1,70.5,88.9,66.2,48.9,67.1,50.7,49.5,48.9,65.1
01/06/2003,68.2,84.4,67.1,69.1,82.3,68.1,38.7,73.3,65.3,33.9,78.2,40.7,74.6,67.3,36.3,79.6,57.2,109.4,88.2,64.2,98.8,95.9,79,89.6,68.7,61.6,67,66.7,87.4,60.3,46.9,54.1,47.7,42.5,47.5,60.4
01/07/2003,73.9,84.9,73.3,69.7,87,68.7,43.2,80.1,69.5,38.5,82.1,40,76.3,65.4,37.8,76.4,65,40.9,86.6,71.8,112.3,105.5,75,90.5,78.7,67.4,72.4,69.7,86.5,64.4,53.4,65.7,56.6,46.4,60.3,66.3
01/08/2003,73.1,96.3,71.7,70.2,91.9,68.2,41.8,79.2,68.5,37.3,81.4,41.1,76.2,65.7,39.5,76.1,61.3,41.7,90.5,74.6,115.2,97.8,81.8,90.9,78.6,61.9,71.1,69.2,95.1,61.6,46.2,57.9,51.6,44.9,60.5,69.6
01/09/2003,78,89.1,77.2,74.2,89.7,73.1,49.3,82.3,74.1,44,86.1,46.7,78.8,68.6,41.7,79.2,64.7,43.2,92.8,83.6,130.6,97.7,76.7,96.4,87.8,70.2,72.5,68.4,82.9,67.6,56.8,65.5,57,49.3,68.3,80.1
01/10/2003,82.9,90.8,82.4,74.7,89,74.4,53.8,86.9,78.6,48.6,90.1,49.5,79.6,69,42.9,79.3,71.7,49.6,101.7,89.2,150.7,101.5,82.6,95.8,89.6,65.2,81.3,74.2,82.6,70.8,64,71.9,65,52.2,86.5,89.5
01/11/2003,77.5,91.8,76.8,76,91.3,74.3,50.2,83.4,72.1,46.5,81.5,50.8,81.8,67.9,42.5,76.9,75.5,59.3,94.6,85.9,148.6,104.4,81.8,78.6,81.9,62.1,77,70.1,84.9,66.1,65.8,79.3,58.1,51.1,66.6,82.9
01/12/2003,66.5,79.4,65.7,71.2,82,71.1,39.5,73.7,62.8,39.7,71.4,42.5,78.7,66.4,42.2,76.4,89.9,58.4,71.6,48.9,86,69.1,77.8,73.6,77.4,54.6,70.5,65.8,84.1,61.3,53.7,60.1,47.9,41,34.9,69.4
01/01/2004,68.6,84.1,67.5,74.7,86.6,73.9,42.8,74.8,62.7,41.5,70.6,46.8,79.7,70.1,45.2,79.2,64.5,77.1,81.8,45.7,100.2,87.4,79.8,79.9,76,48.5,73.1,68.3,83,63,52.5,63.1,50.7,53.4,48.8,65.6
01/02/2004,64.9,78.2,63.9,74.5,84.7,74,42.4,71,59.4,40.6,66.8,47.1,79.1,71.2,50.2,80,58.7,89,84.9,51.6,87.4,92.4,80.4,74.5,66.6,44.2,70.2,64.5,82.7,62.5,47.7,62.7,50.9,52.6,45.3,58.8
01/03/2004,78.3,85.2,77.7,75,83.3,74.3,51.8,83.1,73.5,48.4,82.6,47.3,80.4,70.7,41.4,81.4,66.4,212.7,108.5,69.9,104.9,107,78.2,81.9,82.3,74,80.7,72.7,89,75.7,67.7,68,61.5,66.5,60.2,76.6
01/04/2004,74.6,107.2,72.6,76.8,106.6,75.3,50.4,80,68.4,45.4,77.2,50.6,82.3,72.3,45.6,82.6,65.3,183.7,106.5,63.9,103.5,102.7,84.9,76.3,69.9,65.3,74.3,69.2,91.3,70.4,63.2,64.3,57.3,60.3,58.5,67.1
01/05/2004,77.3,104.8,75.6,76.8,101.8,75.5,50.4,81.9,73.2,47.6,83.2,50.3,81.5,73.4,48.2,83.2,60.8,190.2,109.9,64.4,110.1,96.4,87.9,77.3,76.9,77.6,76,72,93.1,72.3,64.1,67.3,59.3,62.9,52.6,71.6
01/06/2004,77,95.3,75.8,76.7,93,75.6,49.2,80.9,73.3,47.2,83.7,50.1,81.4,73,47.5,82.8,62.1,161.7,108.7,66.7,110.4,84.7,84.5,78.7,85.5,64.2,75.4,71.9,93.5,70.8,65.9,63,60.7,63,41.7,68.7
01/07/2004,80.8,97.5,79.7,78.2,98.9,76.9,54.7,85.7,76.8,47.5,88.4,52.2,83.2,74.3,48.4,84.1,66.8,168.7,106.8,76.2,112.5,93.1,87.8,86.9,87.5,64.4,80.1,74.8,85,77.8,66.6,71.5,63.1,65,61.2,73.9
01/08/2004,82.7,92.3,82,78.1,88.4,76.7,53.6,88.6,77.5,47.2,89.1,51.1,84,72.9,46.7,82.5,66.9,40.6,106.3,83.8,122,101.4,91.4,87.8,92.2,70.1,81.6,78.5,101.5,77,68.3,72.8,64.4,65.8,58.2,79.2
01/09/2004,83.5,100.3,82.5,79.5,100.9,78.1,53.5,88.7,80,50.8,91.4,50.9,85,74.6,48.5,84.5,78.4,27.7,102.1,86.8,137.7,105.9,82.9,92.5,95.6,72.2,82,74.7,87.1,75.8,67.7,69.9,63.5,65.7,52.4,77.7
01/10/2004,84.5,98.8,83.6,79,96.9,78.1,44.3,91.4,78.7,49.2,90.2,43,85.7,72.6,47,82.8,82.7,19,101.8,86,145.8,105.6,91.8,98.8,96.4,63.4,81.3,75.5,98.7,74,66.5,69.1,65.6,63,57.3,81
01/11/2004,83.8,91.8,83.3,79.4,91.7,78.1,55.7,89.6,80.9,56.1,90,53.2,85.7,73.9,48,83.3,84.9,37.1,102.1,87.5,154.5,96.3,85.3,87.6,93.9,60.5,81.9,72.6,91.6,71.9,77.2,69.4,65.6,67.5,54.6,88.2
01/12/2004,74.1,95.1,72.9,79,98.3,78.5,36.7,80.8,71.1,48.4,79.6,39.6,85.8,75.2,50.9,85.1,89,56,79.8,55.6,107.2,72.3,88.6,83.7,81.7,58.5,73.7,69.2,86.7,68.4,65.6,65,54.2,53.9,13.3,76.3
01/01/2005,71.7,93.1,70.2,79.1,95.4,77.8,44.7,77.9,67.2,43.3,76.4,50,83.9,76.2,49.4,86.4,69,59,85.9,49.5,108.4,96,84.5,81.5,75.8,55.8,73.6,71.1,81.4,67.5,53.4,65.4,53.5,60.3,46.7,61.3
01/02/2005,66.8,88.2,65.2,77.3,95.1,76,44.2,72.3,62,42.8,69,50.1,81.9,74.2,52.1,82.8,59.9,102.7,89.4,53.7,90.6,85.9,77.1,69.8,67.7,53.5,70.9,67.5,83.2,68.7,50.4,63,54.3,58.7,41.1,58.4
01/03/2005,77.2,95.9,75.9,77.4,93.6,76.2,53.5,81.7,73.3,53.3,80.5,52,81.5,74.5,50.2,83.6,68.8,134.8,101.3,71.6,110.7,95.7,86.5,78.7,76.5,74.7,79.8,74.1,89.2,77.3,62.2,72.3,61,69.5,66.4,72.7
01/04/2005,75.4,86.8,74.7,76.4,86,76,50.6,80,71.6,49.9,79.8,50,82,73.5,49.2,82.4,71.2,225.6,108.4,66.6,115.6,98,83.1,76,73.1,66.7,78.1,73.1,88.9,73.6,61.3,67.8,57.8,66.3,64,68.3
01/05/2005,80.4,108.6,78.4,78.2,105.2,76.8,54.5,85.6,74.9,50.6,84.2,52.6,83.9,73,49.5,82,66.7,202.9,108.3,66.9,112.1,96.1,90.9,91.9,77.2,72,79.5,74.9,88.3,72.3,70.9,72,61.8,66.1,62.7,71.9
01/06/2005,79.7,97.6,78.6,79.5,95.4,78.4,55.6,83.9,76.9,53.4,85.8,56.3,84.4,76,53.6,84.1,68.7,150.7,103.6,70.2,112.5,98.3,82,85.7,77.4,70.1,78.7,72.8,88,71.7,72.3,72.8,62.9,70.6,59.2,75.1
01/07/2005,78.4,86.9,77.7,77.1,87.8,76.1,51.4,82.3,75.7,50.4,85.6,50.4,81,74.4,52.4,82.5,65.9,128.1,100,68.7,109.4,97.1,89.3,87.9,82.1,69.8,76.8,74,85,70.6,74.1,72.7,57.8,64.7,47.7,72.2
01/08/2005,86,100.8,84.9,79.3,97.8,77.7,56.3,90.7,81.7,54.3,92.4,51.6,84.4,74.9,50.6,84.3,73.3,105.3,105.9,76.4,118.1,91.7,87.4,102,89.4,83,82.4,77.3,94.7,76.5,80.8,79.1,67,67.7,61.7,79.9
01/09/2005,81.1,88.8,80.6,77,89,76.1,53,86.5,78.2,53.2,88.1,50.6,82.4,72.9,50.5,81.4,77.6,47.7,102.5,78.1,123.7,86.5,87.5,91.3,88.9,75.2,79.8,74.9,90.9,71.8,74,81,61.5,61.7,46.1,76.3
01/10/2005,82.8,98.2,81.8,77.1,95.9,75.9,53.5,88.8,78.9,53.7,89,51.8,82.7,72.7,51.2,82,81.6,58.7,100.6,80.2,138,84.1,88,93.8,89.9,74.7,79.8,75.4,94,71.1,73.9,80.8,61.9,62.2,60.9,77
01/11/2005,81.8,94.5,80.9,77.5,94.6,76,54.1,85.9,82,63,89.6,51.8,82,75.6,54.9,83.6,89,48.1,104.2,82.9,145.6,92.7,87,79.5,84.9,70.9,79.4,75.2,81.3,71.5,79.2,84.5,64.5,65,59.6,87.3
01/12/2005,74.8,98.2,73.1,81.4,102.2,80.6,47.9,80.3,74.3,55.4,81.3,53.2,86.4,80.8,60,88.7,95,28.4,81.7,52.2,105.1,68.5,84.9,79.6,76.8,72.8,73.7,71.6,82.2,69.3,73,78.1,55.8,54.8,23.8,77.9
01/01/2006,73.9,85.6,72.9,80,87.8,79.1,50.1,78.8,70.1,51.1,77.3,54.4,83.8,77.7,56.3,86.1,74.9,88.6,87.1,50.4,108.2,93.9,90.1,82.8,74.4,55.4,77.3,74.6,78.9,72.1,73.1,79,55.5,58.9,53.6,63.2
01/02/2006,70.3,92.7,68.7,81,100.3,79.5,48.9,75.2,66.1,47.6,72.9,55.8,85.1,78.7,57.6,86.6,69.7,121.3,91.1,58.3,85.9,89,78.5,74.6,67,68,73.5,69.1,73.7,67.5,68.8,73.8,56.2,59.4,54.7,60.1
01/03/2006,81.3,101.6,79.7,78.6,98.9,77.1,60.9,84.4,78.4,61.4,84.8,56.5,82.3,75.9,54.8,83.8,77,168.2,106.4,70.8,113.4,93.5,89.6,83.1,76.3,77.1,83.4,75.1,82.2,81,90.7,85.1,66.4,72.1,63.7,77.5
01/04/2006,75.5,99.3,73.7,81.6,98.3,80.2,51.4,79.7,71.7,55.7,78,55.9,85.7,79.2,61.2,86,70.8,173.8,95.3,59.9,99.1,90.5,87.3,83.2,70.3,63.4,76,69.8,86.8,68.1,82.5,75.5,56.3,63.1,49.8,63.9
01/05/2006,85,111.5,83.1,81.1,107.8,79.8,60,88.4,83.1,64.5,90.3,55.9,85.5,79.2,61.7,86.1,72,243.9,111.6,64.6,117.4,103.8,90.8,92.3,74.5,74.4,80.6,75.6,92.6,76.5,87.7,83.3,63.5,74.1,69.5,79.4
01/06/2006,79.9,91.9,79,79.5,89.5,78.6,56.3,83.2,79.7,60.7,87.5,56.7,83.5,78.2,60.6,85.3,70,197.9,101.9,58.3,100.1,89.8,80,90.9,71.4,72,77.7,72,88.9,69.8,85.9,81.5,63.6,68.9,39.8,71.8
01/07/2006,82.5,87.5,81.9,80.9,88,80.1,59.8,84.4,81.9,61.8,90.4,58.9,82.9,80.2,63.2,87,75.1,157.8,106.7,65.9,100.9,93.1,90.4,90.3,78.7,75.5,80.7,75.7,91.1,74.4,87.7,82.6,64.1,70.2,57.6,74.6
01/08/2006,88.8,106.8,87.4,81.3,105.2,79.4,63.4,92.1,86.3,68.3,93.5,57.2,85.3,78.5,63.1,84.8,82.5,104.7,111.5,73.8,122.2,91.7,88.7,90.5,92.9,81.5,85.1,79.7,94.5,82.8,87.4,89.4,71.1,73.6,68,86.8
01/09/2006,84,88.8,83.5,81.1,88.5,80.2,58.6,88,82.3,63.6,90,57.7,84.7,78.8,62.3,84.9,86,34.3,103.3,72.7,120.8,89.1,91.5,89.1,89.5,75.4,80.4,76.8,91.8,74.8,87.4,78.9,66,63.5,62.9,86.5
01/10/2006,89,99.4,88.3,81.8,96.8,80.7,64,93.7,85.9,70.6,92.1,60,86.3,77.7,65.8,83.8,90,62.9,109.4,78.7,131.7,90.6,92.9,91.2,98.8,77.4,84.3,79.4,94.2,79.5,95.7,85.1,69.5,69.6,75.2,97
01/11/2006,87.9,106.2,86.6,83.9,105.9,82.1,64.4,92,86.1,73.6,91,61.7,88.4,80.2,65.6,85.4,95.8,74.8,105.5,79.9,143,89,89.4,87.7,91.4,83.9,82,78.9,86.4,76.7,98.1,84.6,70.3,69.1,66.4,108.5
01/12/2006,76.6,85.8,75.9,85.2,90.7,85.4,55.7,80.6,77.2,67,81,63.9,88.2,86.2,74.1,90.5,100.1,60.3,80.4,48.5,102.2,78.2,86.4,83.6,77.5,70.3,72,73.7,83.7,67.8,84.8,74.1,63.4,56.1,32.1,117.1
01/01/2007,78.5,98,77.1,83.4,99.8,82.1,61.3,83.6,72.4,60,77,64.7,87.6,79,64.4,84.8,80.8,59.4,94.4,46.9,94.9,85.7,88.3,77.9,80.9,59.5,79.7,74.7,89.4,68.8,83.7,88.1,68.3,67.6,68.4,76.4
01/02/2007,74.2,88,73.2,85.1,96,84.1,56.7,78.7,70,56.5,75.2,64.8,88.5,83.1,67.4,89,71.4,93,97.7,61.9,92.7,86.8,81.3,75,72.7,69.2,73.1,73.7,81.8,70.7,77.7,76.3,65,65.3,61.1,71
01/03/2007,87.2,110,85.5,85.9,107.1,84.4,67.4,91.1,84.3,74.9,87.7,64.8,90.2,83.3,70.1,88.1,77.8,218.9,117.2,71.7,109.8,93.5,88.3,86.6,84,74.9,85.6,81.3,96.8,82.6,96.7,90.3,74.6,82.2,69,86.6
01/04/2007,80.6,93,79.6,85.6,92,84.9,62.6,83.7,77.2,65.9,81.6,66.8,89.1,82.9,69.6,87.9,78.5,251.7,114,71.4,102.6,82.4,87,81.9,77.4,65.3,79,75.6,93.2,74.9,88.5,85.8,70.4,73,63.3,75.9
01/05/2007,90.7,101.5,89.9,86.6,97.3,86.4,74.2,92.8,89,75.4,94.5,68.8,89.8,84.7,72.6,89.9,80.5,248.2,124.9,84,111.3,90.6,88.5,90.8,84.5,82.6,87.1,80.4,99.9,81.3,98.5,93.2,83.7,85.9,77.5,85.2
01/06/2007,87.5,101.9,86.4,88.5,99.1,87.5,67.8,90.6,85.2,71,91,70.1,91.9,85.5,73.1,90.2,70.1,203.7,109.7,68.9,100.5,88,87.1,95.9,83.9,79.4,83.7,79,96.4,79,92,87.7,77.9,80.9,56.4,80.9
01/07/2007,91.1,107.7,89.9,87.6,107.7,86.2,72.9,94.6,87.1,73.2,92.6,69.7,91.7,83.3,72.3,87.5,73.9,129.4,114.6,75.6,105.5,95.2,92.4,95.8,89.7,80.9,87.7,82.5,98.6,80,94.8,94.4,76.4,87,77,90.2
01/08/2007,96.5,95.5,96.5,88.6,95.3,88.1,81.4,99,94.4,83.9,98.6,72.8,91.9,85.7,77.3,89.5,83.4,63.8,121.4,84.5,125.1,91.9,90.8,99.6,97,87.8,92,85.3,103.8,87.8,102.2,93.5,89.5,94.3,88.5,101.1
01/09/2007,91.3,99.1,90.8,89.6,98.8,88.8,67.9,94.8,88.9,77.9,93.4,68.8,92.2,87.1,78,89.9,84.4,26.6,111.8,85.5,124.5,89.7,85.3,100.3,91.7,74.7,84.8,79.9,101.2,81.8,99.6,88.3,83.3,82.5,51.7,93.7
01/10/2007,99.6,100.1,99.6,90.9,97.4,90.4,82.9,101.9,98.7,91.3,101.7,75.4,93.5,88.4,84.2,91.9,95.4,8.6,121.9,99.8,145.5,87.9,94.4,96.9,105.9,82.5,96.5,87.9,105.8,87,119.5,104,87.1,97.5,70.9,105.7
01/11/2007,94.3,102.2,93.8,90.4,101.8,89.5,80,97.3,93.1,86.1,95.7,76.6,93.9,87.3,78.1,90.1,98.7,32.7,114,93.6,148.1,77.1,90.1,91,94.8,79.9,93.5,84.3,100.3,81.8,117.1,102.3,85.8,90,51,104.9
01/12/2007,82.4,96.9,81.3,91.7,102.4,91.3,68.4,87.2,78.9,72.3,81.8,78.7,95.2,88.6,79.8,91.9,105.4,17.5,87,52.7,95.1,68.2,88.6,90.2,85,80.7,79,77.4,96,72,95.5,80.8,78.1,68.7,35.3,84.8
01/01/2008,89.4,103,88.2,94.6,104.1,93.6,78.7,94.8,82.7,78,84.6,83.3,98.9,90.1,83.5,93.2,87.5,51.7,110.9,58.5,105.7,83.1,92.7,83.5,94.1,67.6,90.1,85.8,101.9,81.7,96.4,103.4,83.3,88.1,86,84.3
01/02/2008,85.6,102,84.3,94.6,109.9,93.3,75.7,91.3,77.5,73.2,79.1,82.9,98.8,89.2,84,91.2,70.6,100.3,114.4,72.7,107.6,86.5,88.5,81.8,85,55.8,85.4,79.8,100.8,83.8,92.9,94.9,85.5,87.2,68.7,78.9
01/03/2008,91.8,115.1,90,94.9,111.9,93.4,78.3,96.4,86.1,84.2,87,81.7,98.5,90.4,84.8,92.8,71.7,165.5,117.9,83.2,115.6,87.2,95.8,85.2,82.6,73.9,90,86.8,110.7,87.5,100.6,97.3,89,97.5,72.8,83.1
01/04/2008,93.9,112.8,92.5,94.6,111.9,93.1,85,95.2,91.1,89.8,91.9,83.7,97.8,91.1,88,92.4,78.5,204.3,123.1,90.6,112.5,81.9,99.5,84.2,81.5,88,94.5,85.5,105.6,90.3,103.6,99.4,89.7,99.7,93.5,90.2
01/05/2008,96.4,97.7,96.2,93.4,93.4,93.8,86.4,97.8,93.4,87.9,95.9,82.3,96,90.1,86.9,92.4,79.6,192.2,121.9,91,109.8,86.8,84.1,99.2,91.1,90.9,95.5,87.7,108.2,89,108,103.1,91.7,99.3,88.1,87.1
01/06/2008,97.8,113,96.7,98.8,109.8,97.9,88.7,100.7,93.1,89.4,94.9,91.9,101.9,93.8,91.9,94.3,75.7,169.8,124.2,80.6,100.2,85.2,105.1,97.1,91.6,91.7,98,91.3,109.1,92.5,111.9,104.7,95.2,103.2,79.1,89.1
01/07/2008,102.8,113.5,102,97.5,113.1,96.5,95.8,104.9,98.3,96.3,99.5,89.5,100.4,92.6,93.4,92.8,79.9,173.6,133.3,84.9,116.2,85.4,92.1,99,99,89.7,102.5,96.6,114.5,97.9,120.7,107.8,98.1,110.2,93,95.7
01/08/2008,101.8,110.2,101.1,96.4,111.1,95.1,98,104.1,97.7,95.1,98.8,92.3,99.1,91.6,90.8,92,80.5,57.3,128.5,91.6,125.4,83.2,95.3,98.5,96.2,102.5,101.5,98.9,112.9,91,112.9,107.3,98.6,109,109.8,98.4
01/09/2008,102,103.6,101.7,97.4,103.8,96.8,93.3,103.9,99.4,98.3,100.1,89,98.7,94.3,94.2,93.7,88.1,10.5,124.8,99.1,135.7,78.6,96.1,102.2,92.7,94.6,99.3,98.2,114.6,89.6,120.3,110.4,104.9,106.2,99.2,102
01/10/2008,103.4,108.3,103,94.6,105.6,93.6,102.7,104.4,100.6,97.5,102.1,93.4,95.9,89.9,90.1,91.9,97.2,29.5,131,103.3,141.6,81.6,98.5,96.9,90.2,96.4,97,100.2,115,93.5,120.7,114.6,106.2,106.7,118.2,103.4
01/11/2008,90.5,89.5,90.4,89.3,89.2,89,77.8,92.9,89.4,76.2,94.8,78.7,91.8,86.8,72,91.9,95.6,57.5,115.5,94.4,130.3,75.8,89.9,93.8,82.3,86.7,82.5,90.6,101.6,80.4,96.5,97.5,89.1,78.9,96.8,89.4
01/12/2008,72.7,95.5,71.1,80,101.6,78.9,61.8,76,73.1,52,81.5,67.4,82.3,80.1,56.2,89.4,104.8,35.8,82.8,53.8,89.5,66.1,87.6,85,66.7,81.5,61.3,76,78.5,62,68.3,78.9,67.5,34.1,82.6,68.5
01/01/2009,74.3,100.5,72.4,81.4,100.5,79.8,64.6,76.6,74.7,63.9,79,70.5,81.9,84.5,72.1,89.6,87.6,69,95.5,56,87.5,73.5,82.6,81.2,65.8,62.1,74,82.2,63.7,65.3,67.4,82.2,63.5,61.1,103.1,63.7
01/02/2009,70,85.3,69,81.3,92.7,80.3,59.9,71.7,72.3,63.4,75.9,68.4,81.7,86.2,75.9,90.3,74,103.7,93.1,67.3,89.8,67.6,80.1,73.2,63.2,60.4,69.7,74.5,61.5,62.8,61,71.3,58.9,61.8,81.3,65.9
01/03/2009,83.2,104.3,81.6,81.6,101.1,80.1,74.5,83.3,87.7,83,89.7,71.5,82.4,86.2,77.5,89.7,85.7,198,105.4,89.6,99.6,76.1,88.2,89,72.1,88.6,78.7,83.7,68.4,75,79.8,80.4,70.1,81.1,78.1,84.7
01/04/2009,79.1,91.7,78.2,82.9,90.7,82.1,70.4,77.8,84.6,77.5,87.5,73.2,82.5,88.3,79.6,92,80.3,215.9,99.9,89,94.1,72.1,79.7,82,68.8,80.2,78.5,78.5,70.5,73.5,72.6,79.8,61.4,76.8,84.3,77.8
01/05/2009,86.3,111.7,84.6,84.5,107.7,83.4,73.3,85.2,91.7,81.2,96.1,71.8,84.6,89.9,82,94,77.8,182.3,106.9,99.1,94.1,73.1,88.4,91.2,77,100.3,80.1,83.4,83.7,71.4,76.9,79.9,65.1,83.8,94.6,82.2
01/06/2009,85.2,105.1,83.9,85,102,83.9,69.8,84.8,89.7,83.8,92.5,70.5,84.9,89.1,85,91,76.4,146.2,108.8,89.2,83,70.1,85.1,93,83.5,89.9,83.3,83.2,78,72.1,85.6,84,61,88.1,63.9,82.2
01/07/2009,91.3,96.5,91.1,85.6,95.5,85.3,78.6,91.4,96.6,91,99.2,73.7,86.4,90.6,87.8,92.1,84.4,155.4,121.1,93,99.1,74.7,92.1,92.6,94.3,101.9,92.3,91.8,88.6,78.3,93.5,85.3,67.2,89.2,95,92.4
01/08/2009,93.8,89.3,94.2,88.1,90.9,87.7,79.5,93.7,99.9,94.8,102.5,74.8,88.7,93.3,89.2,95.2,85.2,70.6,115.5,135.8,111.1,74.8,95.3,100.9,97.1,102.5,94.2,90.9,90.1,78.1,94.4,85.4,71.7,92.6,90.4,95.4
01/09/2009,95,108.5,94.2,90.1,108.9,89.1,81.6,97.1,98.2,97.7,99,77.5,91.7,93,93.6,92.3,94.1,31,121.5,109.6,122.7,71.8,91.9,93.7,101.6,94.6,94.6,91.1,90.8,79.2,102.5,97.2,75.6,93.3,88.6,102.6
01/10/2009,99.6,98.9,99.7,92,96.4,91.7,89.4,100.6,104.1,104.8,104.5,83.8,93.1,94.8,99.1,95.2,109,33.1,126,126.7,135.3,81.1,98.4,96.6,103.8,98.6,100.1,96,93.9,80.6,107.1,102.8,79.6,105,100.1,106.8
01/11/2009,96.2,96.3,96.1,93.4,96.1,93.1,89.2,96.7,100.5,102.4,100.4,87.7,94.5,95.9,96.3,96,101.9,42.3,123.3,125.3,136.7,83.2,91.6,93.7,93.2,90,96.1,90.7,100.3,78.5,108.1,98.9,86.7,100.3,85.2,102.5
01/12/2009,88.3,101.8,87.3,96.2,108.3,95.5,81.2,90.6,88.2,91,87.8,88.9,97.2,95.8,95.5,96,111.5,39.2,91.7,62,109.2,72.9,91,93.6,83.8,94,88.5,87,101.2,83.6,93.8,86.9,82.8,87.9,61,88.6
01/01/2010,87.8,98.2,86.9,96.7,97.3,96.3,81.3,91.9,84.6,86.5,83.9,91.4,98.5,96.7,97.3,96.5,98.7,77.7,104,78.7,95,77.3,93.7,87,84.1,72.8,93.1,86.8,100.9,99.6,86.1,95.1,78.8,91,79.2,81.4
01/02/2010,85.8,89.2,85.4,97.5,95.8,97.1,83.5,88.9,82.5,83.2,82,94.9,99.3,96.6,96,96.8,87.7,98.9,106.4,80.4,96.1,76.5,87.2,81,81,88.9,88.1,84.2,96.1,96.8,88.9,89.5,83.3,91.4,81.3,82.3
01/03/2010,102.4,94.5,102.4,99.6,91.5,99.5,103.4,101.7,102.6,107.9,100.5,95.7,100.1,99.3,100,99.1,98.5,203.9,130.2,114.3,123.3,93.2,96.7,84,92,127.8,102.2,95.3,111.8,111.3,115.7,106.8,101.8,116.8,84.3,104.9
01/04/2010,96.6,102,96,100.3,101.1,99.8,92.2,96.8,95.6,98.7,94.8,95.1,101.4,99.3,100.8,99.2,90.4,172.1,116.7,104.7,111,90.5,91.8,96.1,83.9,90.5,97.3,90.2,106.9,103.3,104.5,100.5,87.9,107.4,87,89.1
01/05/2010,100.8,96.3,100.7,99,93.4,99.4,99.3,99.8,101,101.6,101.7,97.3,99.1,99.2,102.5,99.7,93.5,170,123.3,111.6,111,95.1,97.8,98.1,89.3,99.4,99.7,97.9,112.7,101.2,109.4,104.9,94,112.3,91,94.9
01/06/2010,99.8,100.6,99.4,99.5,98,99.4,98.2,100.4,98,96.5,99.6,99.7,100.4,97.7,97.8,98.5,91.1,155.8,121.6,104.4,97.9,96.2,91.1,102.3,88.3,97.8,100,94.6,113.6,93.6,107.4,99.8,97.7,111.3,89.6,92
01/07/2010,106.3,118.8,105.2,101.7,116.9,100.6,101.6,107.6,103.2,99.2,105.9,98.6,103.4,98.7,98,99.9,94.5,196.3,126.8,113.4,111.1,97.3,103.3,107.2,101.7,104.6,102.9,100.2,119.8,96.6,111.7,105.8,96.9,115.7,99.1,100.8
01/08/2010,107.5,94.6,107.7,100.1,96.4,99.3,108.8,106.7,106.6,110.4,106.3,99.9,100.4,97.6,102,96.9,93.6,104.1,124.6,118.7,124,95.6,99.6,104.2,103.7,104.3,105.8,102.4,113.5,100.4,112,114.9,104.5,121.3,116.6,106.7
01/09/2010,107.3,105.4,106.9,102.3,105.5,101.7,111.2,107.2,104.8,106.7,104.9,105.6,101.7,99.5,103,98,101.2,62.5,121.9,123.7,129.1,94,99,101.5,107.8,103.9,104.5,100.5,109.5,95.3,112.8,112.6,115.1,113.1,105.7,112.5
01/10/2010,107.6,103.8,107.2,101.1,100.9,100.3,103.1,108.4,107.1,108.3,106.9,99.8,101.6,99.2,104.3,98.7,109,51.9,121.8,126.6,129.1,91.5,99.8,100.6,113.3,105.2,106.7,102.9,110.4,98.3,109.9,105.8,104,114.3,107.1,112.1
01/11/2010,107.2,102.5,107,103,102.1,102.5,107.2,107.3,108.3,114.8,106,102.9,103.7,101.8,107,100.2,108.3,68.7,122.9,129.1,134.3,95.3,100.4,101,106.1,100.5,104.5,99.5,105.9,97.3,119.4,111.9,104.3,115.9,111.9,115.6
01/12/2010,92.9,75.6,93.7,101.2,82.3,102.2,93.5,93.1,94.3,102,91.4,102.5,100.1,102.4,106.9,100,121.1,63.7,94.3,83.6,92.2,88.3,93.2,95.4,89.5,88.1,95.5,97.1,92.4,89.3,94.5,101.3,97.7,99.3,67.7,102.4
01/01/2011,92.7,102,91.9,101.9,101,101.9,93,94.8,90.1,96.9,87.5,103.9,101.5,102.7,108.2,100.4,95.7,59.4,97.3,89.1,90.8,88.2,97.4,86,90.3,71.8,98.9,93,97.6,92.8,93.3,105.1,93.1,100.9,103.8,87.7
01/02/2011,94.3,91.4,94.5,102.8,97.9,102.9,102.3,94,93.9,104.8,90,105.6,103.1,103.6,109.7,101.7,90.1,72.4,107.2,102.3,97.9,88,91.3,80.2,82.2,100,95.8,93.4,98,104.6,100.5,106.9,99.6,113.3,108.2,99.1
01/03/2011,103.8,107.3,103.2,104.7,104.8,104.2,106.7,103.4,102.2,106.7,100.4,106.5,104.5,103.4,106.1,102.6,92.6,139.8,114.9,113.3,115.5,96.8,100.7,91.1,91.3,113.4,104.4,101.3,111.4,112.1,112.4,117.8,111.5,118.1,95.7,91.5
01/04/2011,97.9,103.8,97.5,102.8,103,102.6,97.4,97.2,97.6,99.9,96.4,102.5,102.6,102.9,103.5,102.3,88.5,202.4,105.5,105,101.2,93.1,95,92.4,90.1,109.6,96.3,98.1,103.1,101,101.8,99,95,109.8,100.7,88
01/05/2011,107.3,97.3,107.9,104.1,95.2,105,109.4,105.7,108,106.7,108.9,104.6,103.8,104.8,105.5,105.7,88.1,227.8,116.6,114,108.4,95,100.1,109.7,99,106.5,102.4,104.9,105.9,114.4,115.1,112.6,106.3,120.4,106.2,99.1
01/06/2011,103,104.8,102.6,102.5,102.6,102.4,97.7,102.1,102,103.8,102,99.7,102,101.9,105.3,101.1,83.5,193.9,109.7,105.5,90.6,92.4,94.3,97.1,99.2,105.9,99,102.4,102.7,102.7,115.4,109.1,102.1,113.7,100.6,104.1
01/07/2011,105.9,94.7,106.3,102.5,92,103,106.4,105.7,105.6,105.4,106.4,107.3,102.3,102.5,106.2,101.3,92.7,186.6,108.4,104.1,103.5,95.6,100.6,103.6,101,91.6,101.5,104.1,106.6,103,118.3,107.8,102.2,121.7,109.2,100
01/08/2011,111.3,90.4,112.5,102.1,92.4,102.2,116.4,108.9,112.7,116.7,112,104.8,100.9,101.7,106.3,100.5,99.7,170.8,106.7,119.2,121.5,100.5,99.5,108.1,109.4,102,104.7,108.2,107.4,109.4,122,114.2,118,129.3,116.1,123.3
01/09/2011,106.6,99.6,106.6,101.5,99,101.3,103.9,106.3,106.4,100.6,108.7,98.5,100.7,100.9,97.4,101.4,108.1,24,102.5,115.5,118.3,98.3,98.1,108.3,107.1,101.2,100.5,105.8,104.9,100.8,119.7,104.9,105.9,106.7,101,108
01/10/2011,107.1,105,107,100.3,101.6,99.8,106.4,107.7,106,104.4,106.2,103.3,100.5,98,99.9,97.7,115.3,31.4,102.9,117.9,116.3,97.7,103,109.2,107.6,102.6,102.5,105.4,105.5,101.3,113.3,104,104.8,110.3,107.7,114.3
01/11/2011,106,103.7,105.9,101.6,103.1,101.2,111.4,103.9,108.6,114.6,105.3,107.8,100,102.1,107,99.6,113.9,42.9,106.4,125.8,118.1,96.3,99.8,98.6,103.3,102.1,101.2,101.5,100.6,103.6,110.6,104.4,113.2,117.6,108.6,114.3
01/12/2011,92.7,85.8,93.5,103,92,103.8,99.4,92.8,92.8,97.1,90.5,112.1,101.3,103.1,104.6,100.9,124,44.4,79.1,70.6,77.5,84.9,99,95.7,91.4,91.7,90.2,94.2,92.9,89.1,87.3,90.6,102.4,103.6,66.5,102.8
01/01/2012,92.6,107.2,91.5,100.9,106.6,100.6,90.4,94.9,88.9,90.5,88,96.7,101,100,100.2,99.8,93.3,73.1,95.3,79.8,86.6,97.7,97.2,88.7,92.8,74.5,95,94.6,94.6,98.4,91.1,98.1,102.5,77.5,111.4,89.8
01/02/2012,91.1,93.1,90.9,101.2,98.9,101.2,89.8,91.9,87.8,86,87.8,95.5,100.8,100,97.5,101,89.6,86.1,100.4,90.7,97,92.9,93.7,86.3,87.5,86.7,88.7,97.1,93.8,100,93,93.9,100.3,84.2,99.7,87.7
01/03/2012,101,93.4,101.5,100.3,92.6,100.6,103.2,100.1,101.7,107.8,99.1,96.6,101.2,100.2,100.7,99.7,97.8,111.3,104.5,108,112.6,101.6,101.7,91.4,94.4,113.2,101.8,103.5,107.4,106,100.3,101,106.9,112.3,102.5,100.4
01/04/2012,94.9,99.4,95,99.7,99.1,100.1,94.8,95.9,92.8,95.3,91.1,99,101.2,98.1,98.2,97.3,88.9,156.3,95.8,94.3,96.5,94.8,98,95.6,88.6,91.3,92.6,95.6,102.3,96.3,94.5,95.1,95.1,98,92.2,89.3
01/05/2012,104.3,107.2,103.9,99.8,105.1,99.5,108.9,102.7,102.7,102.8,102.6,102,99.6,98.1,99.7,98.2,90.5,151.4,106.4,106.6,100.1,107.7,101.4,105.2,96.2,103.8,104.1,103.4,103,109.4,109,103.8,110,103.3,113.1,107
01/06/2012,99.2,112.4,98.3,99.7,110.7,99.2,97.1,99.7,97.5,96.8,97.8,102.9,100.4,98.9,100.4,98,88.4,118.8,101.7,94.3,83.8,95,93.2,104.8,96.5,103.3,94.9,96.8,100.1,99.4,98.4,96.8,96.1,96.1,99.4,98.7
01/07/2012,103.1,106.2,102.9,98.2,103.2,98.1,102.1,102.5,104.9,104,105.9,100.7,97.8,100.1,103.2,99.1,88,128.7,103.5,100.1,100.3,102.6,101.9,103.7,103.4,95.3,103,102.6,100.4,100.5,105.1,100.2,97.4,107.9,95.4,102.8
01/08/2012,108.7,83.8,110.2,98.8,86,99.3,110.7,106.9,112.7,114.1,113,100.6,98.1,101.3,104,100.7,103.5,118.9,109.5,111.5,112.9,106.7,103.6,109.1,115.9,108.8,109.3,107.2,101.9,104.7,111.6,104.9,104.2,116.9,117.2,113.2
01/09/2012,101,98.8,101.1,98.5,97.8,98.4,97.8,101.3,102,96.5,104.4,98.1,97.8,99.4,97.4,99.5,105.8,39.5,98.1,104.9,106,100.4,102.3,105.5,107.3,108.1,103.2,100.2,101.3,94.8,99.5,96.9,90.9,97.5,107,101.3
01/10/2012,110.1,101,110.1,100.1,96.9,99.5,111.6,108.4,111.9,110.6,113,102.4,98.5,100.3,101.7,101.4,113.6,72.2,107.4,117.1,120.5,108.1,107.1,106.6,115.6,119.7,110.3,105.7,106.2,106.6,115.3,111.6,107.6,113.1,110.5,111.3
01/11/2012,104.6,100.8,104.9,100.3,99.6,100.4,101.7,104.4,106.3,105.7,106.8,98.9,100.1,100.1,98.6,101.5,119.1,59.2,101.5,116.6,113.4,103.6,104.6,107.5,108.2,100.2,104.9,99.7,97.6,98.7,103.6,102.3,101.4,106.6,86.5,106.7
01/12/2012,89.3,96.7,89.7,101.5,101.7,102,91.9,91.3,90.7,89.9,90.6,106.5,101.4,103.3,100.1,103,121.6,84.5,76,76.1,70.4,89,95.2,95.6,93.8,95.1,92.4,93.5,91.4,85.2,78.5,95.3,87.5,86.6,65,91.9
01/01/2013,96.9,118.5,94.8,104,119,102.8,104.4,97.4,92.5,92.6,92.1,106.3,102.9,101.9,100.2,102.6,107.3,28.7,97.8,87,90.4,98.9,100.2,102,98.9,89.1,105.9,93.4,89.3,97,90.4,108.2,94.9,103.5,112.7,97.6
01/02/2013,87.9,99.4,86.9,100.2,105.1,99.7,101.6,87.7,84.3,80.5,85.4,112.1,99.4,98.3,92.3,100.8,91.9,38.5,96.3,85.7,95.9,92.9,88.3,86.8,90.7,86.8,93.2,89.1,89.6,87.9,86,94.1,97.4,90.6,93.7,90.9
01/03/2013,97.6,106.1,96.8,101.9,106.7,101.1,108.9,94.9,97,102.2,94.8,109.8,100.2,101,100.1,101.3,94.5,97.4,104.6,104.1,107.3,96.9,96.5,96.2,94.2,107.2,102.9,99.1,100.1,93.1,99.7,108.9,102.9,114.4,100.9,100.1
01/04/2013,106.3,111.8,105.6,106.8,111.6,106.1,120.3,102.3,104.8,108.3,103.2,115.3,104.7,104.7,104.9,104.1,91.9,155,106.4,106.1,110.3,105.5,96.7,109.2,101.9,108.3,107.6,99.9,103.2,96.4,104.6,114.1,103.6,122.8,117.4,105.1
01/05/2013,109.3,112.7,109.1,104.9,110.1,104.7,115.3,108.1,106.2,103.8,106.9,109.2,105,101.9,100.8,102.7,92.1,131.2,104.7,100.3,98.2,103,96,123.4,105.3,104.9,107.9,101.2,107.8,96.5,101.1,104.9,101.9,118.2,105.2,101.8
01/06/2013,105,106.5,104.5,106.5,105.3,106.2,107.1,103.1,102.2,99.2,103.1,117.8,104.4,104.9,104.9,104.1,82.4,121.1,101.3,96.4,89.4,98.1,96.6,105.2,107.6,117,103.5,96.6,105.8,95.9,99.9,103.9,105.8,114.5,94.7,100.2
01/07/2013,113.9,136.6,112.9,107.3,133.8,106.3,115.1,115.4,110.6,101.8,113.5,110.8,109.2,103.8,98.9,105.2,96.1,135.6,108.3,105.9,109.4,105.7,99,116,115.2,101.4,110.2,103.8,109.3,106.2,107.9,112.8,108.3,114.8,93.5,108.5
01/08/2013,115.8,98.8,116.7,106.7,100.4,106.9,121.6,114.5,113.5,106.2,115.8,114.8,105.9,103.5,98.9,104.5,97.9,93.1,108.1,111.9,113.1,105.4,98.9,119.9,124.4,106.5,112,103.7,112.1,105,107.7,113.9,110.8,119.6,101.4,116.8
01/09/2013,109.5,95.9,110.4,105.5,95.3,106,117.7,108.5,108.8,101.5,111.2,114.9,103.5,104.2,100.6,104.5,100.5,35.2,102.1,108.7,112,102.3,98.9,104.9,118.2,102.4,105.6,99.1,102.6,101.4,105.2,109.9,107.2,111.5,112.6,116.7
01/10/2013,117.3,118.2,117.2,107,114,106.4,117.9,117.4,115.2,114,115.4,107.7,107,103.6,104.7,103.7,103.8,62.4,112.5,122.2,127.4,111.2,104.9,114.5,123.5,104.6,116.2,108.1,108,109.9,117,117.9,118.9,119,118.4,122.4
01/11/2013,106.7,96.9,107.4,104.1,95.1,104.5,102.3,107.4,106.3,101.8,107.7,102.7,104.1,102.4,97.1,104.5,110.2,70.8,101.8,109,114.4,106.9,101.7,114.4,111.7,109.3,107.3,100.6,99.8,100.7,106.2,107,106.1,104.3,104.6,112.2
01/12/2013,88.6,94.5,88.1,99.8,97.9,99.5,81.9,91,88,80.5,90.3,91.8,100.6,99.4,89.5,101.9,115,57.5,78.4,72.3,70.5,91.6,91.9,104.4,97.4,86.3,89,89.2,83.8,82.7,84.5,86.1,92.1,73.5,51.9,92.7
01/01/2014,94.9,105.6,93.8,102.3,106.6,101.9,109.9,95.8,90.8,87.7,91.4,110.2,101.8,100,94.9,101.8,101.8,62.9,93.2,88.2,84.4,102,92.2,101.9,102.4,85.6,109.5,93.6,89.6,89.5,106.4,100.9,103.9,92.8,121.6,99.9
01/02/2014,92.9,102.7,92.2,101.9,108.9,101.5,108,91.1,91.6,94.2,90.1,109.1,101.4,100.6,97.1,102,98.3,69,96.6,97.9,94.9,96.4,87.9,95.1,89.7,106.4,101.8,91.8,92.7,88.2,106.1,97.4,101.6,101.1,100.8,100.1
01/03/2014,96.9,102.1,96.1,101.9,102.9,101.5,103.5,94.3,96.6,94.4,96.9,107,100.3,101.7,96.2,103.1,100.3,87.7,99.1,102.3,101.4,100.5,98.2,103.2,92.7,116.1,103.3,96.7,108.2,89.3,103.4,100.6,97.3,99.8,89.7,93.5
01/04/2014,98.1,108.2,97.3,101.8,108.4,101.2,104.2,96,97.1,94.6,97.9,105.4,100.9,100.9,94.6,103.1,96.2,116.3,94.2,96.1,97.4,95.7,91.6,105.8,92.8,105.1,103,92.9,97,89.5,103.2,102.2,97.1,98.8,87.5,97.4
01/05/2014,104.9,103.9,105.1,102,101.2,102.2,106.1,104.4,104.1,94.6,107.3,104.6,102.5,101.6,93.7,104.5,97.4,134.2,102.9,97.9,95.9,95.7,90.1,117.1,105.7,114.1,106,99.5,99.8,92.5,101.6,100.2,100.9,97.8,105.1,97.3
01/06/2014,96.8,102.3,96.5,96.5,101.7,96.2,90.5,98.4,94.8,78.4,100.7,97.4,98.2,95.4,82.2,99.5,89.5,110.1,90.1,84.1,85,91.3,89.5,117.7,99.6,106.9,91,89.8,91,82.2,78.9,84.1,94.1,76.9,80.2,92.2
01/07/2014,106.8,112.8,107,99.7,110.2,100,98.9,108.2,106.1,92.5,110.8,95.3,101.5,99.1,89.6,102.2,94.8,131.6,105.5,106.6,102.6,99.7,97.5,123.5,115.4,110.5,100.9,96.7,90.1,95.3,99.2,100.5,98.4,91.8,111.9,107.4
01/08/2014,109.5,114.8,109.2,101.2,115.4,100.4,98.8,111,108.2,91.6,113.8,96.5,102.6,99.6,87.3,103.5,92.9,121.6,101.4,105.6,106.3,97,99.4,124.8,119.1,108.3,102.3,99.9,93.5,92.3,94.3,103.5,102.9,94.4,125,104.9
01/09/2014,109.1,114.3,108.8,103.4,114.5,102.7,109.2,110.4,108.3,97.2,111.8,103.6,103.8,101.8,94.3,103.5,102,53.1,103.3,113.3,114.5,102.9,98.5,121.8,117.9,117.6,104.1,99.7,90.2,93.3,98.9,104.4,105.6,100.2,110.6,115.2
01/10/2014,111.3,112.1,111.1,100.8,108.2,100.1,112.6,112.7,111.3,102.8,113.8,102.4,101.9,99.9,93.4,102.3,102.5,52.5,105.6,115.3,119.8,101.8,98.2,120.6,120,111.4,109,101.6,96.2,97.7,108.2,109.3,106.4,101.6,122,118.6
01/11/2014,100.6,112.3,99.8,99.8,109.5,98.8,100.2,101.9,100.8,95.2,102.5,103.6,100,99.4,93.1,101.5,107,62.6,97.1,102.6,109.4,96.5,97.9,114.4,111.1,104.5,96.2,95,88.1,86.3,93.1,102,95.4,90.4,93.9,111.2
01/12/2014,86.7,104.4,85.6,96.7,106.5,95.9,79.7,89.7,86.1,76.6,89.2,86.5,98.5,96.2,84.2,99.9,122.1,52.1,68.7,74,74.8,85.1,89.8,108.9,96.9,92.4,85.5,86,71.7,74.1,70.6,88.6,85.9,66.8,11.5,91.6
01/01/2015,87.6,105.6,86.2,96.6,107.1,95.8,96,90.1,85.1,76.9,87.7,98.6,97.6,95.7,85.6,99.3,103.5,34.3,85.4,76.8,86.5,91.5,89.9,93.7,94.5,76.7,101.1,88.3,85.8,81.4,82.3,100.2,94.5,74.9,102.9,94.2
01/02/2015,83.5,108.8,81.8,96.1,114.6,95,84,86.2,81.2,73.5,83.6,92.1,98.7,94.5,83.6,98.7,92.1,42.5,87.2,80.3,90.7,90.2,82.6,91.4,86.6,78.7,91.1,82.2,88.3,80.1,77.6,93.6,86.7,71.1,85.1,83
01/03/2015,94,107.5,92.7,94.7,109.4,93.4,96.2,93,94.7,90.2,95.6,88.6,96.9,93.5,81.9,97.1,92.9,88.8,100.3,103.7,100.9,94.1,90.1,98.1,93.2,107.9,100.8,92.7,87.9,93.4,91.7,110.5,96.4,86.1,98.4,104.1
01/04/2015,88.8,97.1,88.2,92.8,98.4,92.3,84.6,89.3,89.1,80.3,92,86.1,94.7,93,80.2,97.3,80.8,124.4,86.8,88.7,88.5,88.6,85.1,100,84.8,86.4,87.9,86.9,89.8,85.7,77.4,90.4,86,76.3,85.2,90.8
01/05/2015,92.9,103.7,92.2,91.5,101.1,90.8,81.9,94,92.5,75.6,98.3,83.8,93.3,91.6,76.5,96.7,83.8,119.4,84.8,85.8,84.3,96.7,88.6,109.1,92.5,107.9,86.4,89.4,85.5,81.6,69.7,88.3,83.1,71.8,97,98.7
01/06/2015,91.7,98.8,91.4,89.6,98.2,89.1,72,93.8,91.9,67.9,100.1,75.5,92.1,90.5,69.8,96.8,85.8,105.3,82,89.4,79.9,94.8,87.4,110.4,98.1,109.2,83.1,87.2,76.7,83.7,61.3,82.1,78,65.6,80.8,87.9
01/07/2015,95.6,107.6,94.7,88,104.8,86.8,86.9,97.4,96.7,73.9,104.5,83.6,89.8,89.4,70.9,95.5,85.9,145.7,86.6,94.2,100.2,88.6,88.8,110.8,108.6,111.1,87.7,90.6,77.2,85.7,65.9,88.8,81.7,72.7,85.8,94.3
01/08/2015,96.5,105.6,95.7,87.6,104.9,86.7,78.8,99,98.4,73.7,107.2,76.8,90,89.8,70,96.8,94,98.9,81.9,97.5,94.8,95.4,93.5,108.8,104.3,100.6,85.8,89.2,80.1,80,63.6,84.5,82.4,69.8,95.2,90.2
01/09/2015,92.8,101.1,92.2,86.9,102.3,85.7,73.2,95.6,95.5,67.7,105.2,69.3,88.3,89,64.6,97.1,97.2,48.3,79.1,94.8,99.1,94.7,86.6,106,106,105.7,85,85.4,67.1,81.6,67,84.2,77.8,59.8,89.4,97.1
01/10/2015,95,111.3,94.5,86,107.7,85.1,76.9,99.6,97.9,70.8,107.3,71.4,90,88.6,63.3,97.7,105.8,57.2,78.7,97.2,99.9,91.4,86.1,108.3,109.8,99.4,84.2,86.4,80.2,82.3,65.5,86.3,81.4,63.7,76.6,96.8
01/11/2015,86.9,103.7,85.9,85.2,100.6,84.2,71.7,90.4,88.5,63.3,97.2,71.8,87.9,86.2,59.6,95.5,110.2,56,74.9,87.6,94.8,87.5,87.8,100.2,97.5,96.5,75.4,78.9,79,80.3,58.4,81,74.7,57,75,94
01/12/2015,70.8,90,69.9,80.8,90.9,80.4,46.9,75.7,75.9,52,84.3,51,84.6,86.2,60.1,95.5,109.4,57.6,49.9,55.2,61.2,68.6,85.8,89,85.9,82.6,62.7,68.8,48.5,61.8,39.6,60.2,56.9,41.1,37,80.8
01/01/2016,72.8,80.7,71.8,83.4,82.4,82.9,71.3,75.4,75.2,51.8,83.5,75.8,84.2,87,61.9,96,92.5,43.9,62.1,58.5,75.1,81.9,84.9,82.4,87.1,80.1,71.8,71.9,66.8,67.2,49,73.6,70.6,49.9,69.3,75.2
01/02/2016,72.6,86.1,71.1,83.2,92,82.3,60.5,74.3,75,50.6,83.5,63.3,84.6,86,58.9,96.2,84.6,49.5,72.1,69.8,81.6,85.2,76.4,90,84.3,90.5,68.1,71.8,67.4,70.1,52,73.9,65.2,47.9,62.9,81.1
01/03/2016,81.5,83.5,80.4,84.5,85.4,83.6,72,80,85.6,66,92.2,68.3,85.5,86.7,59.6,96.4,89.3,91.3,80.3,79.4,88.5,95.5,85,96.5,88,112.3,75.3,77.4,69.8,79.7,62.5,87,74.3,63.2,72.6,87.3
01/04/2016,81.1,84.6,80.2,83.6,87,82.7,63.9,81.2,83.8,58.9,93.1,64,85.9,85.6,57.3,95.9,88.5,123.7,73.8,71.7,80.8,89,81.3,103.9,81.7,98.8,69.7,75.1,66.7,70.3,55.7,82.4,67.5,56.9,59.1,77.3
01/05/2016,85.9,98.6,84.2,83,96.3,81.4,60.4,87.3,86.3,58.7,96.5,60.3,85.8,83.5,57.7,93.3,85.2,111.2,78.5,74,78.1,90.8,85.4,101.9,93.7,106.3,78,77.7,70.2,74.4,59.7,83.9,70.3,58,64.4,78.9
01/06/2016,88.7,89.6,87.7,86.3,89.1,85,82.4,89.2,88.1,59.9,98.6,86.3,87.1,86.6,62.1,94.8,81.8,134.6,80.9,83.1,85.4,92.2,83.5,102.5,103,112.2,77.7,77.4,72,79.7,58.1,93.6,91.4,61,61.2,80.8
01/07/2016,89.9,94.8,89,84.4,92.3,83,62.1,93.4,88.9,60.2,99.6,62.9,87,84.7,60.9,93.1,91.3,110.8,82.5,80.7,87,92,86.7,113.9,102.9,95.4,78.5,79.2,76,76.6,58.1,85.7,74.5,60.8,61,81
01/08/2016,92.7,84.6,92.3,80.7,82.7,80.1,66.1,97.3,93.7,63.7,104.5,60.3,85.7,81.5,55.9,91.2,92.8,91.9,87.2,87.1,98.6,94.6,88.6,112.2,114.3,109.8,86.2,79.8,74.3,86.1,65.9,93.7,75.8,61,57.6,93.3
01/09/2016,88.6,83.6,88.2,82.4,85.1,81.3,64.3,94.3,90,62.3,100.1,60.7,86.7,83.6,59,92.3,102.2,73.1,83.1,86.6,96.9,90.4,86.6,103.6,112.4,114.6,79.4,73.6,74,77.5,64.5,80.9,70.9,59.4,50.5,90.1
01/10/2016,88.9,88.6,88.3,81.7,85.1,80.6,66.4,93.7,90.3,64.1,99.8,63.2,85.3,83.3,58.8,92.1,100.4,51.9,83.9,88.9,97.5,90.5,89.6,107.8,106.2,94.7,81.5,74.8,80.3,76.7,68.3,79.9,73.2,60.1,57,86.5
01/11/2016,84.6,85.9,83.9,81.9,82.2,81.4,57.1,88.1,87.8,66,95.3,55.3,85,84.4,60.9,92.9,102,51.3,82.2,91.9,97.4,89.7,89,93.6,102.2,97.1,80.1,72.4,73.1,74.6,70.5,75.1,74,63.8,58.6,92.7
01/12/2016,73.5,92.9,71.3,84.8,92.4,83.4,58.3,77.8,76.1,52.8,84.3,65.7,87.7,88.2,63.1,97.2,107.3,41.4,61.1,64.6,67.8,76.2,81.3,87.5,93.2,75.5,73.2,66,58.6,66.1,53.1,65.4,69,49.8,24.1,82.9
01/01/2017,75.5,74.6,74.3,85,76.8,84.1,62.2,79.9,76.8,55.1,83.8,65,87.7,86.4,62.8,94.3,91.7,43,74.6,67.6,80.4,84.2,80,90.6,94.3,82.7,81.8,69,71.8,66.9,65.7,78.1,68.2,51.9,67.5,81.1
01/02/2017,72.5,62.7,71.9,85.3,68.8,85.2,60.5,74.5,75.8,54.4,82.2,66,87.5,88.3,63,96.6,86.7,62,78.6,75,80.3,78.9,76,88.3,83,97.9,73,65,66.5,70.5,58.3,73.1,67.4,56.6,53.3,75.9
01/03/2017,83.7,78,82.4,84,80.1,82.8,70.6,82.8,88.6,67.4,95,63.9,86.8,86,57.4,95,95.7,138,89.3,94.1,97.7,93.6,85.7,92.2,93.6,102.8,84.8,74.9,75.6,82.7,73.1,89.8,72.4,68.6,56.1,88.5
01/04/2017,77.1,86.3,75.3,84.4,89.7,82.6,59.1,77.9,77.9,57.3,85.7,64.7,86.1,85.2,61.8,94.2,77.8,175.8,78.3,74.4,81.2,82.5,83.8,96,82,90,75.9,68.4,74.3,70.1,64.4,73.1,63.2,55.4,39.6,77.8
01/05/2017,88.6,86.6,87.2,84.5,84.9,83.1,70.1,87.6,93,69.6,101,67.9,85.2,88.5,67.1,96.2,88.5,202.5,88.9,85.6,93.1,92,86,98.7,94,112,83.2,74,77.3,79.5,73.2,81.9,70.1,72.8,45.2,85.5
01/06/2017,87.2,71.7,86.9,84.3,71.2,83.8,66.3,88.3,89.3,62,99.8,69.3,85.9,87.8,64.4,95.8,88.6,183.2,87,84.3,81.6,87.4,84.9,106.6,100.3,98.9,83.2,71.8,73.4,76.4,67.6,76.8,69.6,63.8,39.4,88.7
01/07/2017,90.7,81.8,89.8,84.4,79.7,82.8,64.6,93.1,92.9,63.6,104.1,64.8,85.9,88.3,63.8,97.1,86.7,161.5,87.5,85.3,95.4,92,90.2,111.1,105.4,91.5,84.1,75.2,73.7,76.5,71.5,78.2,74.8,66.6,39,93.1
01/08/2017,98.1,82.9,97.2,85.6,80,84.6,76.7,98.1,100.8,73.4,110.1,69.2,86.1,88.4,64.9,96.6,96.5,140,91.4,93.8,102.6,99,93.7,106.9,115.8,107.7,94.9,78.4,78.4,82.7,79.5,89.9,76.1,77.8,46.2,104.9
01/09/2017,94.5,82.7,93.4,89.4,84,87.7,75.4,96,93.7,68.2,102.3,73,89.2,89.2,66.8,96.5,101.7,55.5,87.6,92.6,93.9,90,91.9,111,115,91.3,88.8,74.9,78.3,76.1,74.2,81.8,75.8,71,43.1,98
01/10/2017,95.8,89.3,94.5,87.4,85.7,85.8,78,97.2,96.8,74.1,104.4,71.9,87.9,88.5,66.8,95.7,106.4,15.8,92.6,103.4,103.5,93.4,95.1,114.1,112.8,96,94.6,76.4,80.4,79.3,79.7,86.9,75.5,75.2,48.7,105.4
01/11/2017,90,92.9,88.4,87.8,88.6,86.5,75.9,91.3,92.6,74.7,98.1,73.8,88.7,89.7,70.1,96.2,111.1,29.1,85.6,95.9,101.2,96.1,93,98.5,108.1,102.8,89.5,74.3,81.9,78.1,78.1,82.9,73.5,75.1,42.2,101.4
01/12/2017,77.7,89.1,75.7,90.3,87.4,89.4,66.1,79.7,79.5,61.3,85.5,77.7,90.5,93.4,74,99.9,111.8,23.8,66.8,60,68.1,81.5,91.4,95.2,94.1,79.2,80.8,67.5,69.5,66.5,61.2,69.9,66.7,62.6,31.2,86.3
01/01/2018,80.3,71.2,80,88.5,74.2,88.7,70.8,82.5,83.2,64.4,89,72.7,89.1,90.8,70,97.7,101.6,41.1,81,71.1,79.6,92.7,86.8,91.3,96.2,103.7,90.2,71.4,78.9,74.4,73.5,79.3,72.9,66.7,43.5,83.6
01/02/2018,75.5,72.9,74.4,88.4,79.4,87.7,71.7,76.2,77.7,63.2,82,77.6,89.5,89.8,71.4,96.1,88.4,49.3,80.9,74.9,83.3,92.3,79.7,81.9,87.4,98.4,81.5,65.9,76.3,73.4,71.7,74.1,67.2,66.9,86.2,84.4
01/03/2018,84.5,78.3,83.7,89.8,80.2,89.3,79.5,83,88.4,75.4,92,79.1,90.7,91.4,71.3,97.5,88.5,113.8,88.6,92.9,88.6,95.3,84.9,88.2,87.3,114.2,88.5,74.7,84.6,77.6,80.8,80.5,76.3,81.7,44.7,94
01/04/2018,87,72.6,86.8,90.1,76.9,89.7,79.4,86,89.4,74.1,95,80.2,91.3,91.2,73.3,98.2,90.7,143.1,81.2,87.3,81.6,92.3,85.4,100.8,86.7,100.9,84.9,72.6,82.4,75.6,74.7,79.2,73.6,81.4,44.7,88.5
01/05/2018,85.1,79,84.6,81.1,77.7,80.5,71.7,87,84.5,63.7,91.6,69.2,84.7,80.1,61.7,86.9,75.5,154,82,73,77.7,85.3,75.6,107.9,89.2,118.4,85,65.3,83,73.5,73.2,75,69.4,66.6,46.6,85.7
01/06/2018,93.4,83.5,92.6,91.6,82.8,90.7,78,93.6,95.4,73,104.1,83.6,92.2,95.6,77.4,101.6,95.7,168.7,81.4,80.9,78,94.3,88.2,109.9,100,99.6,89.2,76,80.3,78.1,70.9,78.9,72.7,83.8,38.4,91.9
01/07/2018,97.6,57.9,100,89.2,56.2,90.7,95.9,100.7,97.7,74.3,106.1,92.8,91.6,91.2,72.2,97.2,96.5,169.8,88.9,87.2,93.9,103.3,98.1,116.8,115.3,104.2,96.6,78.5,87.2,84.1,69.8,86.8,78.8,85.8,149.1,97.5
01/08/2018,102,84.3,102,89.1,80.9,88.9,94.6,102.9,103.5,84.7,110.4,84.3,90.5,90.9,75.4,96.7,94.9,180,89.5,92.2,100.5,94.8,99.6,111,124.1,119.5,97,81,90.5,88.3,77.5,91.1,82,92.7,121.4,103.6
01/09/2018,90.9,66.6,91.7,86.9,67.9,87.1,78.5,93.9,91.3,69.7,99.1,77.6,88,88.5,70.1,95,89.2,67.1,81.6,84,92.9,89.9,93.5,103.6,116.6,105.5,81.1,75.3,87,78.4,70.7,78.4,71.5,76.1,46,93.9
01/10/2018,95.9,68.5,97,86.2,64.9,86.9,88.5,97.7,98.8,78.5,105.2,79.3,87.4,89,69.1,95.3,102.7,36.3,91.5,101.2,107.2,93.8,100.6,103.2,121.3,111.4,96.4,79.7,84.6,86.4,78.2,87.5,82.1,87,43.7,105.4
01/11/2018,89.1,70.2,88.8,87.1,65.1,87.4,82.4,89.7,91.6,71.7,97.8,80.9,87.5,88.9,67.6,96.2,101.5,32.1,82.1,93.6,102.4,86,92.8,94,112.5,125.6,86.6,76.8,84.7,83.9,74.3,81.8,74,79,117.6,95.8
01/12/2018,73.7,80.4,72.6,86.3,77.6,86.5,60.9,76.8,73.9,51.8,81.2,72.5,87.6,88,64.7,95.7,110,14.1,57.9,57.2,69,77,80.2,91.9,94.1,96.9,69,68.9,67.9,64.5,53.5,64,61.8,56.9,19.6,75.4
01/01/2019,77.6,71.4,76.9,86.1,74.9,85.9,71.6,82.2,82.5,63,88.5,74,88.5,89.9,68.9,96.9,104.6,48.7,76.8,68.8,77.8,86,81,84.4,102.4,85.7,90.2,74.7,74.8,78.7,73.2,77.8,69.5,66.5,53.5,89.6
01/02/2019,77.4,57.8,78,87.2,65.5,87.7,79.4,77,82,69,85.5,78.5,88.6,89.4,68.8,96,97.3,27.2,82.5,76.2,80.6,84.3,80.9,82.2,91.3,96.3,79.2,71.9,78.8,79.7,71,78.4,72.4,79.6,52.5,86.2
01/03/2019,78.9,71.5,79.2,86.3,73.2,87,75.1,80.1,83.1,65.3,88.9,79.9,89.1,88.5,67.3,95.1,96.9,100.5,81.4,77.4,83.6,87.9,83.8,87.6,86.8,106.4,84.1,74,88.6,79.2,68.6,80.9,70.7,73.9,45.1,82.5
01/04/2019,82.2,45.1,84.5,87.4,50,89.4,77.9,83.9,87.6,69,93.4,80.6,90.5,91.6,70.1,99.5,91.1,139.3,81.7,80.8,85.5,89.2,81.9,94,90.2,113.6,83.9,73.9,86.6,81.8,77.5,78,71.3,83.1,47.6,87.3
01/05/2019,91.5,68.5,92.2,87.7,67.2,88.1,86.1,93.3,94.2,75.7,100.3,82.9,91.1,90,74.4,95.7,94.7,153.8,85.1,83.8,82.4,88.2,82.6,104.3,98.9,115,89.9,77.6,85,86.6,79.4,94.3,79.2,90.3,45.3,91
01/06/2019,87.3,72.3,87.5,86.6,71,87,75.4,89.8,86.9,63.3,95.5,83.3,89.5,88.9,69.8,94.4,90.6,146.6,77.5,77.4,73,83.4,80.8,100.9,101.5,102.2,85.4,72.1,81.9,82.9,67.2,77.7,74.4,75.7,37.9,87.1
01/07/2019,99.2,86.1,99.6,88.9,84.8,88.2,88,101.5,97.4,72.1,106.3,82.3,90.8,89.1,67.7,95.7,94.7,154.5,84.7,90.1,93.7,92.5,89.9,114.3,114.6,114.5,99.9,80.8,100.2,86.9,75.3,83.4,83.1,86.2,64.1,99.4
01/08/2019,99.9,79.6,100.6,88,76,88.4,90.8,102.5,100.4,75.9,108.9,82.6,90.8,89.2,67.9,96.5,91.2,134.8,87.1,86.7,98.1,91.5,92.6,112.4,120.9,113.8,93.1,80.5,89.1,86.6,77.6,88.1,91.5,87.8,52.5,102.3
01/09/2019,94.2,69.3,94.6,88.7,70.9,88.4,89,97.8,94.2,70.5,102.2,85.1,90.8,89.8,68.6,96.8,97.7,24.3,84.2,87.9,98.1,82.8,89,107.1,118.4,105.6,89.5,76.5,86.2,84.8,78.2,82.7,77.5,80.5,71.3,97.5
01/10/2019,101.2,72.7,102.4,91.6,69.5,92.3,90.9,104.1,102.5,79.7,109.5,81.5,93.7,92.7,70,99.6,109,39.3,88.6,96.7,107.8,89.8,92.9,103.9,123.4,117.5,104.8,82.8,97.1,93.1,84.2,92.8,91.9,91.5,58.4,110.5
01/11/2019,88.7,87.7,87.9,88.3,82.2,88.2,76.2,91.3,89.8,69.5,96.2,77.2,90.3,88.9,67.4,96.1,106.1,49.8,80.8,91.2,98,83.4,89.4,99.1,104.3,109.1,90.2,75.4,79.3,83.3,72.2,78.4,74.2,76.8,51.8,99.7
01/12/2019,70.5,61.1,72.1,81.9,57.2,85,59.7,77.6,76,56.1,82.7,70,87.5,88.6,67.7,95.8,110.8,37,63,64.4,63.8,75.7,85.7,94.9,93.4,82,76.5,67.5,67.9,63.8,57.6,70.7,63,56,30.9,83.5
01/01/2020,81.5,73.7,81,90.1,77,90.3,80.1,84.7,81.7,61.4,87.9,83.1,90.9,89.1,67.5,96.2,104.3,54.1,76.9,67.9,77.3,83.5,84.6,94.9,102.5,94.4,94,73.2,81.4,78,73.8,82.9,72.8,66.1,89.8,88.9
01/02/2020,77.7,61,78.9,90.3,69.2,91.6,85.5,79.7,78.6,60.4,84.1,90.1,91.8,90.3,69,97.3,96.2,59.8,83.1,71.8,80.2,83.7,83.5,86.6,94.5,95.5,85.5,70.8,87.3,78.1,63.5,77.6,88.7,71.9,40.7,83.6
01/03/2020,78.1,64.4,78.8,80.9,66.3,81.7,77,81.1,78.4,55.1,85.6,73.7,87.5,77.5,47.3,86.9,80.3,104.6,73.3,59.8,63.8,75.4,86,89,96,109.5,95.9,68.1,91.7,78.4,70.4,81.1,76.5,58.8,54.1,78.7
01/04/2020,62.4,56.1,63.4,67.7,61.1,68.4,41.5,68.2,61,22,75.9,42.8,74.9,64.9,23.1,82.1,51.6,109.4,45.1,29.7,27,61.9,82.3,74.8,84,110.6,72.4,49.6,68.7,57.3,48.6,54.1,52.9,7.8,19.7,47.8
01/05/2020,70.7,44.4,73.1,69.8,43.4,71.7,71.8,74.1,70.5,31.8,84.5,73,74,69.9,35,82.9,77.3,155.7,53.2,34.4,36.3,66.9,70.7,86.2,89,120.1,75.1,61.4,68.6,65.3,56.8,60.4,60.2,23.4,81.3,55.7
01/06/2020,76.4,70.7,77,72.9,68.7,73.7,64.9,79.7,78.2,42.8,90.4,67.9,77.3,76.9,45.7,86.6,97.2,152.3,60.8,40.6,42.8,80.8,68.5,90.5,96.2,122.5,73.9,68.6,57.6,77.2,60.5,70.3,59,34.8,37.5,73.3
01/07/2020,87.2,56.8,90.2,76.5,56.1,78.3,77.3,91.5,90.3,62.7,99.6,71.8,80.5,81.9,58,88.9,108.7,149,76,57.9,66,92.6,75.6,99.2,111.6,113.8,88.4,79.7,75.9,90.3,73.7,83.7,77.7,51.9,40.4,96.8
